"attribute_code","frontend_label","frontend_input","is_visible_on_front","is_user_defined","is_required"
"1_ausgangsspannung","1. Ausgangsspannung","select","1","1","0"
"1_ausgangsspannung_bei_ac","1. Ausgangsspannung bei AC","select","1","1","0"
"1_ausgangsspannung_bei_dc","1. Ausgangsspannung bei DC","select","1","1","0"
"1_phasen_ueberstrom_moeglich","1-Phasen-Überstrom möglich","select","1","1","0"
"1_phasen_unterspannung_moeglic","1-Phasen-Unterspannung möglich","select","1","1","0"
"360_sockel","360° Sockel","select","1","1","0"
"7_stellige_mitegronummer","","text","1","1","0"
"8_stellige_mitegronummer","","text","1","1","0"
"abbiegung_winkel","Abbiegung (Winkel)","select","1","1","0"
"abbrechklingen","Abbrechklingen","select","1","1","0"
"abisolierbereich_durchmesser","Abisolierbereich Durchmesser","select","1","1","0"
"abisolierbereich_querschnitt","Abisolierbereich Querschnitt","select","1","1","0"
"abisolierlaenge_einstellbar","Abisolierlänge einstellbar","select","1","1","0"
"abmessungen","Abmessungen","select","1","1","0"
"abmessungen_der_feinsicherung","Abmessungen der Feinsicherung","select","1","1","0"
"absaugfunktion","Absaugfunktion","select","1","1","0"
"abschaltautomatik","Abschaltautomatik","select","1","1","0"
"abschliessbar","Abschließbar","select","1","1","0"
"absicherung","Absicherung","select","1","1","0"
"ader_isolation","Ader-Isolation","select","1","1","0"
"ader_zahl","Ader-Zahl","select","1","1","0"
"aderquerschnitt","Aderquerschnitt","select","1","1","0"
"akkubeschaffenheit","Akkubeschaffenheit","select","1","1","0"
"akkukapazitaet","Akkukapazität","select","1","1","0"
"al_nennquerschnitt","Al-Nennquerschnitt","select","1","1","0"
"amazon_preparation_time","Amazon Preparation Time","text","1","1","0"
"amz_price","Amazon Price","price","1","1","0"
"analog_anschluss","Analog-Anschluss","select","1","1","0"
"analogeingang","Analogeingang","select","1","1","0"
"anbaumoeglichkeit","Anbaumöglichkeit","select","1","1","0"
"anfangswert_des_unverzoegerten","Anfangswert des unverzögerten Kurzschlussauslöser-Einstellbereiches","select","1","1","0"
"anfangswert_skala","Anfangswert Skala","select","1","1","0"
"angegebener_messbereich","Angegebener Messbereich","select","1","1","0"
"anheizzeit","Anheizzeit","select","1","1","0"
"anreihbar","Anreihbar","select","1","1","0"
"anrufbeantworter","Anrufbeantworter","select","1","1","0"
"anschl_leitqschnitt_eindraht","Anschließbarer Leiterquerschnitt eindrähtig","select","1","1","0"
"anschl_leitqschnitt_mehrdraht","Anschließbarer Leiterquerschnitt mehrdrähtig","select","1","1","0"
"anschluss","Anschluss","select","1","1","0"
"anschlussart","Anschlussart","select","1","1","0"
"anschlussart_hauptstromkreis","Anschlussart Hauptstromkreis","select","1","1","0"
"anschlussart_hilfsstromkreis","Anschlussart Hilfsstromkreis","select","1","1","0"
"anschlussgewinde_m","Anschlussgewinde M","select","1","1","0"
"anschlussgewindemass_metrisch","Anschlussgewindemaß metrisch","select","1","1","0"
"anschlussleistung","Anschlussleistung","select","1","1","0"
"anschlussmass","Anschlussmaß","select","1","1","0"
"anschlussquerschnitt","Anschlussquerschnitt","select","1","1","0"
"anschlussspannung","Anschlussspannung","select","1","1","0"
"anschlusswert","Anschlusswert","select","1","1","0"
"anschlusswinkel","Anschlusswinkel","select","1","1","0"
"ansprechempfindlichkeit_einste","Ansprechempfindlichkeit einstellbar","select","1","1","0"
"ansprechwert_stromstaerke_1","Ansprechwert Stromstärke 1","select","1","1","0"
"anteil","","price","1","1","0"
"antikalksystem","Antikalksystem","select","1","1","0"
"antistatische_ausfuehrung","Antistatische Ausführung","select","1","1","0"
"anwendung_lochen","Anwendung Lochen","select","1","1","0"
"anwendung_pressen","Anwendung Pressen","select","1","1","0"
"anwendung_schneiden","Anwendung Schneiden","select","1","1","0"
"anzahl_anschluss_leitung_bis_1","Anzahl Anschluss Leitung bis 16 mm² starr","select","1","1","0"
"anzahl_der_10100_mbps_rj45_por","Anzahl der 10/100 Mbps RJ45-Ports","select","1","1","0"
"anzahl_der_101001000_mbps_rj45","Anzahl der 10/100/1000 Mbps RJ45-Ports","select","1","1","0"
"anzahl_der_abgangsstellen_paar","Anzahl der Abgangsstellen (Paare)","select","1","1","0"
"anzahl_der_abzweige","Anzahl der Abzweige","select","1","1","0"
"anzahl_der_analogen_ausgaenge","Anzahl der analogen Ausgänge","select","1","1","0"
"anzahl_der_analogen_eingaenge","Anzahl der analogen Eingänge","select","1","1","0"
"anzahl_der_anschliessbaren_mot","Anzahl der anschließbaren Motoren","select","1","1","0"
"anzahl_der_anschliessbaren_sch","Anzahl der anschließbaren Schaltuhren","select","1","1","0"
"anzahl_der_anschliessbaren_tei","Anzahl der anschließbaren Teilnehmer","select","1","1","0"
"anzahl_der_anschluesse","Anzahl der Anschlüsse","select","1","1","0"
"anzahl_der_anschluesse_gesamt","Anzahl der Anschlüsse gesamt","select","1","1","0"
"anzahl_der_anschluesse_je_pol","Anzahl der Anschlüsse je Pol","select","1","1","0"
"anzahl_der_anschluesse_sensora","Anzahl der Anschlüsse Sensor/Aktor","select","1","1","0"
"anzahl_der_ausgaenge","Anzahl der Ausgänge","select","1","1","0"
"anzahl_der_befehle","Anzahl der Befehle","select","1","1","0"
"anzahl_der_befehlsstellen","Anzahl der Befehlsstellen","select","1","1","0"
"anzahl_der_befestigungsloecher","Anzahl der Befestigungslöcher","select","1","1","0"
"anzahl_der_betaetigungspunkte","Anzahl der Betätigungspunkte","select","1","1","0"
"anzahl_der_betaetigungsrichtun","Anzahl der Betätigungsrichtungen","select","1","1","0"
"anzahl_der_betaetigungswippen","Anzahl der Betätigungswippen","select","1","1","0"
"anzahl_der_bildpunkte_megapixe","Anzahl der Bildpunkte (Megapixel)","select","1","1","0"
"anzahl_der_binaeren_eingaenge","Anzahl der binären Eingänge","select","1","1","0"
"anzahl_der_bits_gesamt","Anzahl der Bits gesamt","select","1","1","0"
"anzahl_der_blechlocher","Anzahl der Blechlocher","select","1","1","0"
"anzahl_der_bohrstufen","Anzahl der Bohrstufen","select","1","1","0"
"anzahl_der_briefkaesten","Anzahl der Briefkästen","select","1","1","0"
"anzahl_der_buchsenkupplungen","Anzahl der Buchsen/Kupplungen","select","1","1","0"
"anzahl_der_cee_steckdosen","Anzahl der CEE-Steckdosen","select","1","1","0"
"anzahl_der_dampfkoerbe","Anzahl der Dampfkörbe","select","1","1","0"
"anzahl_der_digitalen_ausgaenge","Anzahl der digitalen Ausgänge","select","1","1","0"
"anzahl_der_digitalen_eingaenge","Anzahl der digitalen Eingänge","select","1","1","0"
"anzahl_der_din_schienen","Anzahl der DIN-Schienen","select","1","1","0"
"anzahl_der_display_zeilen","Anzahl der Display-Zeilen","select","1","1","0"
"anzahl_der_dreifachen_oeffnung","Anzahl der dreifachen Öffnungen","select","1","1","0"
"anzahl_der_einbaubaren_anschlu","Anzahl der einbaubaren Anschlussleisten","select","1","1","0"
"anzahl_der_einbaubaren_geraete","Anzahl der einbaubaren Geräte","select","1","1","0"
"anzahl_der_einfachen_oeffnunge","Anzahl der einfachen Öffnungen","select","1","1","0"
"anzahl_der_einfuehrungen","Anzahl der Einführungen","select","1","1","0"
"anzahl_der_eingaenge","Anzahl der Eingänge","select","1","1","0"
"anzahl_der_einheiten","Anzahl der Einheiten","select","1","1","0"
"anzahl_der_einlegbaren_cds","Anzahl der einlegbaren CDs","select","1","1","0"
"anzahl_der_einlegbaren_dvds","Anzahl der einlegbaren DVDs","select","1","1","0"
"anzahl_der_einzeldraehte","Anzahl der Einzeldrähte","select","1","1","0"
"anzahl_der_elektrischen_anschl","Anzahl der elektrischen Anschlüsse","select","1","1","0"
"anzahl_der_elektrodeneingaenge","Anzahl der Elektrodeneingänge","select","1","1","0"
"anzahl_der_elektrosensoren","Anzahl der Elektrosensoren","select","1","1","0"
"anzahl_der_etagen","Anzahl der Etagen","select","1","1","0"
"anzahl_der_fasern","Anzahl der Fasern","select","1","1","0"
"anzahl_der_fehlersignalschalte","Anzahl der Fehlersignalschalter","select","1","1","0"
"anzahl_der_flaschen_zur_lageru",""Anzahl der Flaschen zur Lagerung (0","75 l Bordeaux)"","select","1","1","0"
"anzahl_der_funktionen","Anzahl der Funktionen","select","1","1","0"
"anzahl_der_geblaesestufen","Anzahl der Gebläsestufen","select","1","1","0"
"anzahl_der_gebrueckten_klemmen","Anzahl der gebrückten Klemmen","select","1","1","0"
"anzahl_der_gelenke","Anzahl der Gelenke","select","1","1","0"
"anzahl_der_geraetebecher","Anzahl der Gerätebecher","select","1","1","0"
"anzahl_der_geraeteeinheiten","Anzahl der Geräteeinheiten","select","1","1","0"
"anzahl_der_geschwindigkeitsstu","Anzahl der Geschwindigkeitsstufen","select","1","1","0"
"anzahl_der_gruppen","Anzahl der Gruppen","select","1","1","0"
"anzahl_der_gruppenphasen","Anzahl der Gruppen/Phasen","select","1","1","0"
"anzahl_der_hdmi_anschluesse","Anzahl der HDMI-Anschlüsse","select","1","1","0"
"anzahl_der_heizstufen","Anzahl der Heizstufen","select","1","1","0"
"anzahl_der_hilfskontakte_als_o","Anzahl der Hilfskontakte als Öffner","select","1","1","0"
"anzahl_der_hilfskontakte_als_s","Anzahl der Hilfskontakte als Schließer","select","1","1","0"
"anzahl_der_hilfskontakte_als_w","Anzahl der Hilfskontakte als Wechsler","select","1","1","0"
"anzahl_der_hoeheneinheiten_he","Anzahl der Höheneinheiten (HE)","select","1","1","0"
"anzahl_der_kabelrohre","Anzahl der Kabel/Rohre","select","1","1","0"
"anzahl_der_kameras","Anzahl der Kameras","select","1","1","0"
"anzahl_der_kanaele","Anzahl der Kanäle","select","1","1","0"
"anzahl_der_klemmstellen","Anzahl der Klemmstellen","select","1","1","0"
"anzahl_der_klingeltasten","Anzahl der Klingeltasten","select","1","1","0"
"anzahl_der_kochstellen","Anzahl der Kochstellen","select","1","1","0"
"anzahl_der_kontakte_als_oeffne","Anzahl der Kontakte als Öffner","select","1","1","0"
"anzahl_der_kontakte_als_schlie","Anzahl der Kontakte als Schließer","select","1","1","0"
"anzahl_der_kontakte_als_wechsl","Anzahl der Kontakte als Wechsler","select","1","1","0"
"anzahl_der_laderegelkreise","Anzahl der Laderegelkreise","select","1","1","0"
"anzahl_der_leistungsstufen","Anzahl der Leistungsstufen","select","1","1","0"
"anzahl_der_leiter","Anzahl der Leiter","select","1","1","0"
"anzahl_der_libellen","Anzahl der Libellen","select","1","1","0"
"anzahl_der_massagestufen","Anzahl der Massagestufen","select","1","1","0"
"anzahl_der_meldegruppen","Anzahl der Meldegruppen","select","1","1","0"
"anzahl_der_modulplaetze","Anzahl der Modulplätze","select","1","1","0"
"anzahl_der_modulslots","Anzahl der Modulslots","select","1","1","0"
"anzahl_der_oeffner","Anzahl der Öffner","select","1","1","0"
"anzahl_der_oeffner_als_hauptko","Anzahl der Öffner als Hauptkontakte","select","1","1","0"
"anzahl_der_paare","Anzahl der Paare","select","1","1","0"
"anzahl_der_pfaennchen","Anzahl der Pfännchen","select","1","1","0"
"anzahl_der_phasen","Anzahl der Phasen","select","1","1","0"
"anzahl_der_pins","Anzahl der Pins","select","1","1","0"
"anzahl_der_pole","Anzahl der Pole","select","1","1","0"
"anzahl_der_positionen","Anzahl der Positionen","select","1","1","0"
"anzahl_der_programme","Anzahl der Programme","select","1","1","0"
"anzahl_der_programmspeicherpla","Anzahl der Programmspeicherplätze","select","1","1","0"
"anzahl_der_reihen","Anzahl der Reihen","select","1","1","0"
"anzahl_der_relais","Anzahl der Relais","select","1","1","0"
"anzahl_der_rippen","Anzahl der Rippen","select","1","1","0"
"anzahl_der_ruftasten","Anzahl der Ruftasten","select","1","1","0"
"anzahl_der_schalteingaenge","Anzahl der Schalteingänge","select","1","1","0"
"anzahl_der_schaltstellungen","Anzahl der Schaltstellungen","select","1","1","0"
"anzahl_der_schaltstufen","Anzahl der Schaltstufen","select","1","1","0"
"anzahl_der_schliesser","Anzahl der Schließer","select","1","1","0"
"anzahl_der_schliesser_als_haup","Anzahl der Schließer als Hauptkontakte","select","1","1","0"
"anzahl_der_schluessel","Anzahl der Schlüssel","select","1","1","0"
"anzahl_der_schrauben","Anzahl der Schrauben","select","1","1","0"
"anzahl_der_schuko_steckdosen","Anzahl der SCHUKO-Steckdosen","select","1","1","0"
"anzahl_der_seriellen_schnittst","Anzahl der seriellen Schnittstellen","select","1","1","0"
"anzahl_der_sicherheitsgerichte","Anzahl der sicherheitsgerichteten Hilfskontakte","select","1","1","0"
"anzahl_der_sicherungen","Anzahl der Sicherungen","select","1","1","0"
"anzahl_der_signalsaeulenelemen","Anzahl der Signalsäulenelemente","select","1","1","0"
"anzahl_der_sonstigen_steckdose","Anzahl der sonstigen Steckdosen","select","1","1","0"
"anzahl_der_speicherplaetze","Anzahl der Speicherplätze","select","1","1","0"
"anzahl_der_sprossen","Anzahl der Sprossen","select","1","1","0"
"anzahl_der_steckdosen","Anzahl der Steckdosen","select","1","1","0"
"anzahl_der_steckkontakte","Anzahl der Steckkontakte","select","1","1","0"
"anzahl_der_steckkontaktreihen","Anzahl der Steckkontaktreihen","select","1","1","0"
"anzahl_der_steckplaetze","Anzahl der Steckplätze","select","1","1","0"
"anzahl_der_steckschluessel","Anzahl der Steckschlüssel","select","1","1","0"
"anzahl_der_steckverbinder_vorn","Anzahl der Steckverbinder vorne","select","1","1","0"
"anzahl_der_stufen","Anzahl der Stufen","select","1","1","0"
"anzahl_der_teilungseinheiten","Anzahl der Teilungseinheiten","select","1","1","0"
"anzahl_der_teilungseinheiten_p","Anzahl der Teilungseinheiten pro DIN-Schiene","select","1","1","0"
"anzahl_der_telefonbucheintraeg","Anzahl der Telefonbucheinträge","select","1","1","0"
"anzahl_der_titelspeicher","Anzahl der Titelspeicher","select","1","1","0"
"anzahl_der_toene","Anzahl der Töne","select","1","1","0"
"anzahl_der_ventilatoren","Anzahl der Ventilatoren","select","1","1","0"
"anzahl_der_versorgbaren_linien","Anzahl der versorgbaren Linien","select","1","1","0"
"anzahl_der_wechsler","Anzahl der Wechsler","select","1","1","0"
"anzahl_der_weckzeiten","Anzahl der Weckzeiten","select","1","1","0"
"anzahl_der_wendeln","Anzahl der Wendeln","select","1","1","0"
"anzahl_der_zaehlerplaetze","Anzahl der Zählerplätze","select","1","1","0"
"anzahl_der_zeichen","Anzahl der Zeichen","select","1","1","0"
"anzahl_der_zuege","Anzahl der Züge","select","1","1","0"
"anzahl_der_zugbolzen","Anzahl der Zugbolzen","select","1","1","0"
"anzahl_der_zweifachen_oeffnung","Anzahl der zweifachen Öffnungen","select","1","1","0"
"anzeige","Anzeige","select","1","1","0"
"anzeige_der_drei_phasen","Anzeige der drei Phasen","select","1","1","0"
"anzeige_des_differenzstroms","Anzeige des Differenzstroms","select","1","1","0"
"anzeige_des_isolationswertes","Anzeige des Isolationswertes","select","1","1","0"
"anzeigeart","Anzeigeart","select","1","1","0"
"anzugsdrehmoment","Anzugsdrehmoment","select","1","1","0"
"anzugsspannung","Anzugsspannung","select","1","1","0"
"arbeitstiefe","Arbeitstiefe","select","1","1","0"
"arbeitsweise","Arbeitsweise","select","1","1","0"
"art_der_ausfuehrbaren_bewegung","Art der ausführbaren Bewegungen","select","1","1","0"
"art_der_ausgangsspannung","Art der Ausgangsspannung","select","1","1","0"
"art_der_betaetigung","Art der Betätigung","select","1","1","0"
"art_der_datenuebertragung","Art der Datenübertragung","select","1","1","0"
"art_der_dimmung","Art der Dimmung","select","1","1","0"
"art_der_einfuehrung","Art der Einführung","select","1","1","0"
"art_der_eingangsspannung","Art der Eingangsspannung","select","1","1","0"
"art_der_entriegelung","Art der Entriegelung","select","1","1","0"
"art_der_gehaeusedurchfuehrung","Art der Gehäusedurchführung","select","1","1","0"
"art_der_kochstellen","Art der Kochstellen","select","1","1","0"
"art_der_leuchte","Art der Leuchte","select","1","1","0"
"art_der_lueftung","Art der Lüftung","select","1","1","0"
"art_der_luftfuehrung","Art der Luftführung","select","1","1","0"
"art_der_regelung","Art der Regelung","select","1","1","0"
"art_der_schliessung","Art der Schließung","select","1","1","0"
"art_der_schnittstelle","Art der Schnittstelle","select","1","1","0"
"art_der_spannungsversorgung","Art der Spannungsversorgung","select","1","1","0"
"art_der_verbindung","Art der Verbindung","select","1","1","0"
"art_der_verriegelung","Art der Verriegelung","select","1","1","0"
"art_des_akustischen_signals","Art des akustischen Signals","select","1","1","0"
"art_des_digitalausgangs","Art des Digitalausgangs","select","1","1","0"
"art_des_elektrischen_zubehoers","Art des elektrischen Zubehörs","select","1","1","0"
"art_des_leuchtmittels","Art des Leuchtmittels","select","1","1","0"
"art_des_mechanischen_zubehoers","Art des mechanischen Zubehörs","select","1","1","0"
"art_des_montagematerials","Art des Montagematerials","select","1","1","0"
"art_des_trafos","Art des Trafos","select","1","1","0"
"art_des_umrichters","Art des Umrichters","select","1","1","0"
"art_des_verbinders","Art des Verbinders","select","1","1","0"
"art_des_zubehoers","Art des Zubehörs","select","1","1","0"
"artikelklasse_id","","text","1","1","0"
"auf_rolle","Auf Rolle","select","1","1","0"
"aufdruck","Aufdruck","select","1","1","0"
"aufdruckkennzeichnung","Aufdruck/Kennzeichnung","select","1","1","0"
"aufladbar","Aufladbar","select","1","1","0"
"aufloesung","Auflösung","select","1","1","0"
"aufnahme","Aufnahme","select","1","1","0"
"aufnahme_fangstange","Aufnahme Fangstange","select","1","1","0"
"aufnahmeleistung_waermepumpe","Aufnahmeleistung Wärmepumpe","select","1","1","0"
"aufnahmesystem","Aufnahmesystem","select","1","1","0"
"aufputz","Aufputz","select","1","1","0"
"ausbaumoeglichkeit","Ausbaumöglichkeit","select","1","1","0"
"ausfuehrung","Ausführung","select","1","1","0"
"ausfuehrung_abschlussplatte","Ausführung Abschlussplatte","select","1","1","0"
"ausfuehrung_als_sammelschienen","Ausführung als Sammelschienenadapter","select","1","1","0"
"ausfuehrung_anschluss_1","Ausführung Anschluss 1","select","1","1","0"
"ausfuehrung_anschluss_2","Ausführung Anschluss 2","select","1","1","0"
"ausfuehrung_der_grillflaeche","Ausführung der Grillfläche","select","1","1","0"
"ausfuehrung_der_grillplatte","Ausführung der Grillplatte","select","1","1","0"
"ausfuehrung_der_oberflaeche","Ausführung der Oberfläche","select","1","1","0"
"ausfuehrung_der_pole","Ausführung der Pole","select","1","1","0"
"ausfuehrung_der_schnittstelle","Ausführung der Schnittstelle","select","1","1","0"
"ausfuehrung_der_steckdose","Ausführung der Steckdose","select","1","1","0"
"ausfuehrung_der_verriegelung","Ausführung der Verriegelung","select","1","1","0"
"ausfuehrung_des_analogausgangs","Ausführung des Analogausgangs","select","1","1","0"
"ausfuehrung_des_anschlusssocke","Ausführung des Anschlusssockels für Aktoren und Sensoren","select","1","1","0"
"ausfuehrung_des_betaetigungsel","Ausführung des Betätigungselements","select","1","1","0"
"ausfuehrung_des_displays","Ausführung des Displays","select","1","1","0"
"ausfuehrung_des_elektrischen_a","Ausführung des elektrischen Anschlusses","select","1","1","0"
"ausfuehrung_des_handgriffes","Ausführung des Handgriffes","select","1","1","0"
"ausfuehrung_des_kodierelements","Ausführung des Kodierelements","select","1","1","0"
"ausfuehrung_des_lnbs","Ausführung des LNBs","select","1","1","0"
"ausfuehrung_des_schaltantriebs","Ausführung des Schaltantriebs","select","1","1","0"
"ausfuehrung_des_schaltausgangs","Ausführung des Schaltausgangs","select","1","1","0"
"ausfuehrung_des_schalters","Ausführung des Schalters","select","1","1","0"
"ausfuehrung_des_schaltglieds","Ausführung des Schaltglieds","select","1","1","0"
"ausfuehrung_des_sicherungshalt","Ausführung des Sicherungshalters","select","1","1","0"
"ausfuehrung_e_anschluss","Ausführung elektrischer Anschluss","select","1","1","0"
"ausfuehrung_e_anschluss_feldse",""Ausführung elektrischer Anschluss"," feldseitig"","select","1","1","0"
"ausfuehrung_e_anschluss_gehaeu",""Ausführung elektrischer Anschluss"," gehäuseseitig"","select","1","1","0"
"ausfuehrung_flammwidrig","Ausführung flammwidrig","select","1","1","0"
"ausfuehrung_funkenarm","Ausführung funkenarm","select","1","1","0"
"ausfuehrung_kennmelder","Ausführung Kennmelder","select","1","1","0"
"ausfuehrung_loetspitze","Ausführung Lötspitze","select","1","1","0"
"ausfuehrung_mit_abdeckung","Ausführung mit Abdeckung","select","1","1","0"
"ausfuehrung_mit_flussmittel","Ausführung mit Flussmittel","select","1","1","0"
"ausfuehrung_schaft","Ausführung Schaft","select","1","1","0"
"ausfuehrung_schweisshandschuh","Ausführung Schweißhandschuh","select","1","1","0"
"ausfuehrung_seite_1","Ausführung Seite 1","select","1","1","0"
"ausfuehrung_seite_2","Ausführung Seite 2","select","1","1","0"
"ausfuehrung_zwischenplatte","Ausführung Zwischenplatte","select","1","1","0"
"ausfuehrungbetaetigung","Ausführung/Betätigung","select","1","1","0"
"ausgangsleistung","Ausgangsleistung","select","1","1","0"
"ausgangsspannung","Ausgangsspannung","select","1","1","0"
"ausgefuehrt_als_sicherheits_tr","Ausgeführt als Sicherheits-Transformator","select","1","1","0"
"ausgleichshoehe","Ausgleichshöhe","select","1","1","0"
"aushaerteverfahren","Aushärteverfahren","select","1","1","0"
"auslassdurchmesser","Auslassdurchmesser","select","1","1","0"
"ausloesecharakteristik","Auslösecharakteristik","select","1","1","0"
"ausloesetechnik","Auslösetechnik","select","1","1","0"
"ausschaltvorwarnung","Ausschaltvorwarnung","select","1","1","0"
"aussendurchmesser","Außendurchmesser","select","1","1","0"
"aussendurchmesser_ca","Außendurchmesser ca.","select","1","1","0"
"aussendurchmesser_ring","Außendurchmesser Ring","select","1","1","0"
"ausstattung_des_sicherungslast","Ausstattung des Sicherungslasttrenngehäuses","select","1","1","0"
"ausstrahlungswinkel","Ausstrahlungswinkel","select","1","1","0"
"auswertefunktion_integriert","Auswertefunktion integriert","select","1","1","0"
"auswertung_der_eingaenge","Auswertung der Eingänge","select","1","1","0"
"automatischer_korblift","Automatischer Korblift","select","1","1","0"
"automatischer_selbsttest","Automatischer Selbsttest","select","1","1","0"
"autoreverse","Autoreverse","select","1","1","0"
"backofen_reinigung","Backofen-Reinigung","select","1","1","0"
"bandlaenge","Bandlänge","select","1","1","0"
"batterie_eingebaut","Batterie eingebaut","select","1","1","0"
"batterieart","Batterieart","select","1","1","0"
"bauart","Bauart","select","1","1","0"
"baubreite_fuer_schrankeinbau","Baubreite für Schrankeinbau","select","1","1","0"
"bauform","Bauform","select","1","1","0"
"bauform_der_linse","Bauform der Linse","select","1","1","0"
"bauform_des_knopfes","Bauform des Knopfes","select","1","1","0"
"bauform_des_tragschienenadapte","Bauform des Tragschienenadapters","select","1","1","0"
"baugroesse","Baugröße","select","1","1","0"
"baugroesse_des_sicherungseinsa","Baugröße des Sicherungseinsatzes","select","1","1","0"
"bed_bath_type","Bed & Bath Type","select","1","1","0"
"bedeutung_des_piktogramms","Bedeutung des Piktogramms","select","1","1","0"
"bedienung","Bedienung","select","1","1","0"
"bedienungsart","Bedienungsart","select","1","1","0"
"bedruckbar_mit","Bedruckbar mit","select","1","1","0"
"bedruckt","Bedruckt","select","1","1","0"
"befestigung_selbstklebend","Befestigung selbstklebend","select","1","1","0"
"befestigungsart","Befestigungsart","select","1","1","0"
"befestigungsart_halter","Befestigungsart Halter","select","1","1","0"
"befestigungsart_leiter","Befestigungsart Leiter","select","1","1","0"
"befestigungsart_stange","Befestigungsart Stange","select","1","1","0"
"befestigungsflaeche","Befestigungsfläche","select","1","1","0"
"behaeltervolumen","Behältervolumen","select","1","1","0"
"beheizungsart","Beheizungsart","select","1","1","0"
"belastbarkeit","Belastbarkeit","select","1","1","0"
"beleuchtbar","Beleuchtbar","select","1","1","0"
"bemesssteuerspannung_ac_50hz","Bemessungssteuerspeisespannung Us bei AC 50 Hz","select","1","1","0"
"bemesssteuerspannung_ac_60hz","Bemessungssteuerspeisespannung Us bei AC 60 Hz","select","1","1","0"
"bemesssteuerspannung_dc","Bemessungssteuerspeisespannung Us bei DC","select","1","1","0"
"bemessungsbetriebsfrequenz","Bemessungsbetriebsfrequenz","select","1","1","0"
"bemessungsbetriebsleistung_bei",""Bemessungsbetriebsleistung bei AC-3"," 400 V"","select","1","1","0"
"bemessungsbetriebsspannung","Bemessungsbetriebsspannung","select","1","1","0"
"bemessungsbetriebsspannung_ue","Bemessungsbetriebsspannung Ue","select","1","1","0"
"bemessungsbetriebsspannung_ue_","Bemessungsbetriebsspannung Ue bei AC 50 Hz","select","1","1","0"
"bemessungsbetriebsstrom_ie","Bemessungsbetriebsstrom Ie","select","1","1","0"
"bemessungsbetriebsstrom_ie_400",""Bemessungsbetriebsstrom Ie"," 400 V"","select","1","1","0"
"bemessungsbetriebsstrom_ie_bei","Bemessungsbetriebsstrom Ie bei 40 °C Tu","select","1","1","0"
"bemessungsdauerstrom_iu","Bemessungsdauerstrom Iu","select","1","1","0"
"bemessungsfehlerstrom","Bemessungsfehlerstrom","select","1","1","0"
"bemessungsfrequenz","Bemessungsfrequenz","select","1","1","0"
"bemessungsinduktivitaet","Bemessungsinduktivität","select","1","1","0"
"bemessungsleistung","Bemessungsleistung","select","1","1","0"
"bemessungsleistung_drehstrommo",""Bemessungsleistung Drehstrommotor"," Standardschaltung"," bei 230 V"","select","1","1","0"
"bemessungsschaltvermoegen","Bemessungsschaltvermögen","select","1","1","0"
"bemessungsspannung","Bemessungsspannung","select","1","1","0"
"bemessungsstrom","Bemessungsstrom","select","1","1","0"
"bemessungsstrom_bei_ac_50_hz","Bemessungsstrom bei AC 50 Hz","select","1","1","0"
"bemessungsstrom_in","Bemessungsstrom In","select","1","1","0"
"bemessungsversorgungsspannung_","Bemessungsversorgungsspannung bei AC 50 Hz","select","1","1","0"
"bergbauzulassung","Bergbauzulassung","select","1","1","0"
"beruehrungslose_spannungserken","Berührungslose Spannungserkennung","select","1","1","0"
"beschichtung","Beschichtung","select","1","1","0"
"beschriftung","Beschriftung","select","1","1","0"
"bestueckung","Bestückung","select","1","1","0"
"betaetigungsart","Betätigungsart","select","1","1","0"
"betaetigungsart_tubus","Betätigungsart Tubus","select","1","1","0"
"betaetigungsform","Betätigungsform","select","1","1","0"
"betriebsdauer_mit_einer_gasfue","Betriebsdauer mit einer Gasfüllung","select","1","1","0"
"betriebsgeraet","Betriebsgerät","select","1","1","0"
"betriebsklasse","Betriebsklasse","select","1","1","0"
"betriebsspannung","Betriebsspannung","select","1","1","0"
"betriebsspannung_bei_ac_50_hz","Betriebsspannung bei AC 50 Hz","select","1","1","0"
"biegeverhalten","Biegeverhalten","select","1","1","0"
"bild_dateiname_energielabel_oh","","text","1","1","0"
"bildformat","Bildformat","select","1","1","0"
"bildformatumschaltung","Bildformatumschaltung","select","1","1","0"
"bildhelligkeit_ansi","Bildhelligkeit (ANSI)","select","1","1","0"
"bildschirmdarstellung","Bildschirmdarstellung","select","1","1","0"
"bildschirmdiagonale","Bildschirmdiagonale","select","1","1","0"
"bildschirmdiagonale_in_zoll","Bildschirmdiagonale in Zoll","select","1","1","0"
"bildsystem","Bildsystem","select","1","1","0"
"binaereingang","Binäreingang","select","1","1","0"
"bit_aufnahme","BIT-Aufnahme","select","1","1","0"
"bitgroesse","Bitgröße","select","1","1","0"
"blitzstossstrom_10350","Blitzstoßstrom (10/350)","select","1","1","0"
"blitzstromtragfaehigkeit","Blitzstromtragfähigkeit","select","1","1","0"
"bodenbelagaussparung","Bodenbelagaussparung","select","1","1","0"
"bodenbuendig_versenkbar","Bodenbündig versenkbar","select","1","1","0"
"bodenmontage_moeglich","Bodenmontage möglich","select","1","1","0"
"bodenpflege","Bodenpflege","select","1","1","0"
"bohrdurchmesser_beton","Bohrdurchmesser Beton","select","1","1","0"
"bohrfutter_spannweite","Bohrfutter-Spannweite","select","1","1","0"
"bohrlochdurchmesser","Bohrlochdurchmesser","select","1","1","0"
"bolzenlaenge","Bolzenlänge","select","1","1","0"
"breite","Breite","select","1","1","0"
"breite_aussen","Breite außen","select","1","1","0"
"breite_der_abzweigung","Breite der Abzweigung","select","1","1","0"
"breite_der_buegelflaeche","Breite der Bügelfläche","select","1","1","0"
"breite_der_messskala","Breite der Messskala","select","1","1","0"
"breite_der_oeffnung","Breite der Öffnung","select","1","1","0"
"breite_des_adapters","Breite des Adapters","select","1","1","0"
"breite_des_bandes","Breite des Bandes","select","1","1","0"
"breite_des_geraeteeinbaukanals","Breite des Geräteeinbaukanals","select","1","1","0"
"breite_eckkanal","Breite Eckkanal","select","1","1","0"
"breite_grosses_mass","Breite großes Maß","select","1","1","0"
"breite_in_teilungseinheiten","Breite in Teilungseinheiten","select","1","1","0"
"breite_kleines_mass","Breite kleines Maß","select","1","1","0"
"brennermaterial","Brennermaterial","select","1","1","0"
"broetchenaufsatz","Brötchenaufsatz","select","1","1","0"
"bruttofassungsvermoegen","Bruttofassungsvermögen","select","1","1","0"
"buegelbreite","Bügelbreite","select","1","1","0"
"busankopplung_inklusive","Busankopplung inklusive","select","1","1","0"
"cassettenlaufwerke","Cassettenlaufwerke","select","1","1","0"
"cd_player","CD-Player","select","1","1","0"
"clip_funktion","CLIP-Funktion","select","1","1","0"
"cu_nennquerschnitt","Cu-Nennquerschnitt","select","1","1","0"
"dachluefter","Dachlüfter","select","1","1","0"
"daempfung","Dämpfung","select","1","1","0"
"dampfgaren","Dampfgaren","select","1","1","0"
"deckelausfuehrung","Deckelausführung","select","1","1","0"
"deckelbefestigung_rastend","Deckelbefestigung rastend","select","1","1","0"
"deckelbreite","Deckelbreite","select","1","1","0"
"delivery_time","Lieferzeit","text","1","1","0"
"diagnosefunktion_integriert","Diagnosefunktion integriert","select","1","1","0"
"dichtungseinbaumoeglichkeit","Dichtungseinbaumöglichkeit","select","1","1","0"
"diebstahlsicherung_integrierba","Diebstahlsicherung integrierbar","select","1","1","0"
"diffusor","Diffusor","select","1","1","0"
"digitalanzeige","Digitalanzeige","select","1","1","0"
"display","Display","select","1","1","0"
"documents","Datenblatt","text","1","1","0"
"drahtlos","Drahtlos","select","1","1","0"
"drehbar","Drehbar","select","1","1","0"
"drehmomenteinstellung","Drehmomenteinstellung","select","1","1","0"
"drehspiess","Drehspieß","select","1","1","0"
"drehzahl","Drehzahl","select","1","1","0"
"druckverfahren","Druckverfahren","select","1","1","0"
"duchgangspruefungdiodentest","Duchgangsprüfung/Diodentest","select","1","1","0"
"duebellaenge","Dübellänge","select","1","1","0"
"durchgangspruefungsbereich","Durchgangsprüfungsbereich","select","1","1","0"
"durchgehender_stift","Durchgehender Stift","select","1","1","0"
"durchmesser_bohrloch","Durchmesser Bohrloch","select","1","1","0"
"durchmesser_buegel","Durchmesser Bügel","select","1","1","0"
"durchmesser_der_anschlussplatt","Durchmesser der Anschlussplatte","select","1","1","0"
"durchmesser_der_scheibe","Durchmesser der Scheibe","select","1","1","0"
"durchmesser_des_steckkontaktes","Durchmesser des Steckkontaktes","select","1","1","0"
"durchmesser_glockenschale","Durchmesser Glockenschale","select","1","1","0"
"durchmesser_kochflaeche_1","Durchmesser Kochfläche 1","select","1","1","0"
"durchmesser_kochflaeche_2","Durchmesser Kochfläche 2","select","1","1","0"
"durchmesser_schaft_vor_schrump","Durchmesser Schaft vor Schrumpf","select","1","1","0"
"durchmesser_stanzeinsatz","Durchmesser Stanzeinsatz","select","1","1","0"
"durchmesserkantenlaenge","Durchmesser/Kantenlänge","select","1","1","0"
"dvb_t_tuner","DVB-T-Tuner","select","1","1","0"
"eancode","EAN-Nummer","text","1","1","0"
"ebizmarts_mark_visited","Send Browsed Product Autoresponder","select","1","1","0"
"ebizmarts_reviews_cntr_total","","hidden","1","1","0"
"ebizmarts_reviews_coupon_total","","hidden","1","1","0"
"echteffektivwertmessung_trms","Echteffektivwertmessung (TRMS)","select","1","1","0"
"eigenschaft","Eigenschaft","select","1","1","0"
"ein_ausschalter","Ein-/Ausschalter","select","1","1","0"
"einbauart","Einbauart","select","1","1","0"
"einbaudurchmesser","Einbaudurchmesser","select","1","1","0"
"einbauhoehe","Einbauhöhe","select","1","1","0"
"einbaulage","Einbaulage","select","1","1","0"
"einbauort","Einbauort","select","1","1","0"
"einbautiefe","Einbautiefe","select","1","1","0"
"eingang_spannung",""Eingang"," Spannung"","select","1","1","0"
"eingang_strom",""Eingang"," Strom"","select","1","1","0"
"eingangsgroesse_spannung","Eingangsgröße Spannung","select","1","1","0"
"eingangsgroesse_strom","Eingangsgröße Strom","select","1","1","0"
"eingangsspannung","Eingangsspannung","select","1","1","0"
"eingangsspannung_bei_ac_50_hz","Eingangsspannung bei AC 50 Hz","select","1","1","0"
"einheit_auf_die_sich_der_preis","Einheit","text","1","1","0"
"einsatzbereich","Einsatzbereich","select","1","1","0"
"einsatzgrenze","Einsatzgrenze","select","1","1","0"
"einsatzort","Einsatzort","select","1","1","0"
"einschaltdruck","Einschaltdruck","select","1","1","0"
"einschaltschwelle_leistung","Einschaltschwelle Leistung","select","1","1","0"
"einseitiger_schluessel","Einseitiger Schlüssel","select","1","1","0"
"einstellbarer_strombereich","Einstellbarer Strombereich","select","1","1","0"
"einstellbereich","Einstellbereich","select","1","1","0"
"einstellbereich_helligkeitswer","Einstellbereich Helligkeitswert","select","1","1","0"
"einstellbereich_relative_luftf","Einstellbereich relative Luftfeuchtigkeit","select","1","1","0"
"einstellbereich_ueberlastauslo","Einstellbereich Überlastauslöser","select","1","1","0"
"einstellung","Einstellung","select","1","1","0"
"einstellverfahren","Einstellverfahren","select","1","1","0"
"eiscrashfunktion","Eiscrashfunktion","select","1","1","0"
"ekme","Einheit","text","1","1","0"
"ekpreis","","price","1","1","0"
"elektronisch","Elektronisch","select","1","1","0"
"elektronische_regelung","Elektronische Regelung","select","1","1","0"
"empfangsbereich","Empfangsbereich","select","1","1","0"
"emv_ausfuehrung","EMV-Ausführung","select","1","1","0"
"energieeffizienzklasse","Energieeffizienzklasse","select","1","1","0"
"energieversorgung","Energieversorgung","select","1","1","0"
"erderanschluss_durchmesser","Erderanschluss Durchmesser","select","1","1","0"
"erderdurchmesser","Erderdurchmesser","select","1","1","0"
"erfassungsbereich","Erfassungsbereich","select","1","1","0"
"erweiterbar","Erweiterbar","select","1","1","0"
"erweiterungsart","Erweiterungsart","select","1","1","0"
"erweiterungsgeraet","Erweiterungsgerät","select","1","1","0"
"etim","","text","1","1","0"
"ex_klasse","Ex-Klasse","select","1","1","0"
"externe_fuehler","Externe Fühler","select","1","1","0"
"externes_zuendgeraet_erforderl","Externes Zündgerät erforderlich","select","1","1","0"
"farbcode","Farbcode","select","1","1","0"
"farbe","Farbe","select","1","1","0"
"farbe_der_isolation","Farbe der Isolation","select","1","1","0"
"farbe_der_kalotte","Farbe der Kalotte","select","1","1","0"
"farbe_der_kappe","Farbe der Kappe","select","1","1","0"
"farbe_der_linse","Farbe der Linse","select","1","1","0"
"farbe_der_saeule","Farbe der Säule","select","1","1","0"
"farbe_des_betaetigungselements","Farbe des Betätigungselements","select","1","1","0"
"farbe_des_gehaeuseoberteils","Farbe des Gehäuseoberteils","select","1","1","0"
"farbe_des_knopfes","Farbe des Knopfes","select","1","1","0"
"farbe_frontring","Farbe Frontring","select","1","1","0"
"farbe_oberteil","Farbe Oberteil","select","1","1","0"
"farbtemperatur","Farbtemperatur","select","1","1","0"
"farbwiedergabestufe","Farbwiedergabestufe","select","1","1","0"
"faser_anzahl","Faser-Anzahl","select","1","1","0"
"faserart","Faserart","select","1","1","0"
"fassung","Fassung","select","1","1","0"
"fassungsvermoegen","Fassungsvermögen","select","1","1","0"
"fassungsvermoegen_espressotass","Fassungsvermögen Espressotassen","select","1","1","0"
"fassungsvermoegen_frittiergut","Fassungsvermögen Frittiergut","select","1","1","0"
"fassungsvermoegen_max_mehlgewi","Fassungsvermögen (max. Mehlgewicht)","select","1","1","0"
"fassungsvermoegen_mehl","Fassungsvermögen Mehl","select","1","1","0"
"fassungsvermoegen_teller_28_cm","Fassungsvermögen Teller (28 cm)","select","1","1","0"
"fast_ethernet","Fast Ethernet","select","1","1","0"
"federkugelbefestigung","Federkugelbefestigung","select","1","1","0"
"fehlerstrom_typ","Fehlerstrom-Typ","select","1","1","0"
"fernbedienung","Fernbedienung","select","1","1","0"
"fernspeisbar","Fernspeisbar","select","1","1","0"
"fernspeisetauglich","Fernspeisetauglich","select","1","1","0"
"festplattenspeicherkapazitaet","Festplattenspeicherkapazität","select","1","1","0"
"feuerwiderstandsklasse_e___fun","Feuerwiderstandsklasse E - Funktionserhalt","select","1","1","0"
"feuerwiderstandsklasse_i___ins","Feuerwiderstandsklasse I - Installationskanal","select","1","1","0"
"filterart","Filterart","select","1","1","0"
"filterklasse","Filterklasse","select","1","1","0"
"flaeche","Fläche","select","1","1","0"
"flanschform","Flanschform","select","1","1","0"
"flexibel","Flexibel","select","1","1","0"
"fluegelraddurchmesser","Flügelraddurchmesser","select","1","1","0"
"flussmittelanteil","Flussmittelanteil","select","1","1","0"
"foerdervolumen","Fördervolumen","select","1","1","0"
"form","Form","select","1","1","0"
"form_der_linse","Form der Linse","select","1","1","0"
"form_des_leiters","Form des Leiters","select","1","1","0"
"format","format","select","1","1","0"
"freidrehender_kopf","Freidrehender Kopf","select","1","1","0"
"freisprechen","Freisprechen","select","1","1","0"
"frequenz_der_eingangsspannung","Frequenz der Eingangsspannung","select","1","1","0"
"frequenzanzeige","Frequenzanzeige","select","1","1","0"
"fronteinbau_moeglich","Fronteinbau möglich","select","1","1","0"
"fronttafelausschnitt_durchmess","Fronttafelausschnitt Durchmesser","select","1","1","0"
"fuellgutheber","Füllgutheber","select","1","1","0"
"fuellmenge_oel","Füllmenge Öl","select","1","1","0"
"fuer_anzahl_leitungen_nym_3x15",""Für Anzahl Leitungen NYM 3x1","5"","select","1","1","0"
"fuer_kanalbreite","Für Kanalbreite","select","1","1","0"
"fuer_kanalhoehe","Für Kanalhöhe","select","1","1","0"
"fuer_max_anzahl_luefter","Für max. Anzahl Lüfter","select","1","1","0"
"fuer_rohrdurchmesser","Für Rohrdurchmesser","select","1","1","0"
"fuer_rohrdurchmesser_gross",""Für Rohrdurchmesser"," groß"","select","1","1","0"
"fuer_rohrdurchmesser_klein",""Für Rohrdurchmesser"," klein"","select","1","1","0"
"fuer_rohrdurchmesser_nominal","Für Rohrdurchmesser nominal","select","1","1","0"
"fuer_schraubenmass_metrisch","Für Schraubenmaß metrisch","select","1","1","0"
"fuer_sicherungsgroesse","Für Sicherungsgröße","select","1","1","0"
"fuer_trafoleistung","Für Trafoleistung","select","1","1","0"
"fuer_wandstaerke","Für Wandstärke","select","1","1","0"
"funkanbindung","Funkanbindung","select","1","1","0"
"funkfrequenz","Funkfrequenz","select","1","1","0"
"funkgesteuert","Funkgesteuert","select","1","1","0"
"funkstandard_bluetooth","Funkstandard Bluetooth","select","1","1","0"
"funkstandard_wlan_80211","Funkstandard WLAN 802.11","select","1","1","0"
"funksystem","Funksystem","select","1","1","0"
"funktion","Funktion","select","1","1","0"
"funktion_asymmetrieerkennung","Funktion Asymmetrieerkennung","select","1","1","0"
"funktion_phasenausfallerkennun","Funktion Phasenausfallerkennung","select","1","1","0"
"funktion_rueckfallverzoegert","Funktion rückfallverzögert","select","1","1","0"
"funktion_sterndreieck","Funktion Stern/Dreieck","select","1","1","0"
"funktionale_ergaenzung_moeglic","Funktionale Ergänzung möglich","select","1","1","0"
"funkuhr","Funkuhr","select","1","1","0"
"gangreserve","Gangreserve","select","1","1","0"
"gangreserve_in_stunden","Gangreserve in Stunden","select","1","1","0"
"garraumfassungsvermoegen","Garraumfassungsvermögen","select","1","1","0"
"garraumvolumen","Garraumvolumen","select","1","1","0"
"geeignet_als_begrenzer","Geeignet als Begrenzer","select","1","1","0"
"geeignet_als_rueckwand","Geeignet als Rückwand","select","1","1","0"
"geeignet_als_seitenwand","Geeignet als Seitenwand","select","1","1","0"
"geeignet_als_waechter","Geeignet als Wächter","select","1","1","0"
"geeignet_fuer_abzweigdose","Geeignet für Abzweigdose","select","1","1","0"
"geeignet_fuer_aluminium","Geeignet für Aluminium","select","1","1","0"
"geeignet_fuer_anzahl_der_pole","Geeignet für Anzahl der Pole","select","1","1","0"
"geeignet_fuer_anzahl_lamellen","Geeignet für Anzahl Lamellen","select","1","1","0"
"geeignet_fuer_as_schnittstelle","Geeignet für AS-Schnittstelle","select","1","1","0"
"geeignet_fuer_aufnahmesystem","Geeignet für Aufnahmesystem","select","1","1","0"
"geeignet_fuer_aufputzgehaeuse_","Geeignet für Aufputzgehäuse für Unterputzgerät","select","1","1","0"
"geeignet_fuer_aussengebrauch","Geeignet für Außengebrauch","select","1","1","0"
"geeignet_fuer_aussenmontage","Geeignet für Außenmontage","select","1","1","0"
"geeignet_fuer_betriebssystem_l","Geeignet für Betriebssystem LINUX","select","1","1","0"
"geeignet_fuer_betriebssystem_w","Geeignet für Betriebssystem Windows Vista","select","1","1","0"
"geeignet_fuer_buegelstaerke","Geeignet für Bügelstärke","select","1","1","0"
"geeignet_fuer_dehnungsfuge","Geeignet für Dehnungsfuge","select","1","1","0"
"geeignet_fuer_digitale_signale","Geeignet für digitale Signale","select","1","1","0"
"geeignet_fuer_dimmeinsatz","Geeignet für Dimmeinsatz","select","1","1","0"
"geeignet_fuer_einbaudose","Geeignet für Einbaudose","select","1","1","0"
"geeignet_fuer_einbaugeraete","Geeignet für Einbaugeräte","select","1","1","0"
"geeignet_fuer_eine_raumflaeche","Geeignet für eine Raumfläche bis","select","1","1","0"
"geeignet_fuer_estrichbuendigen","Geeignet für estrichbündigen geschlossenen Unterflurkanal","select","1","1","0"
"geeignet_fuer_estrichueberdeck","Geeignet für estrichüberdeckten Unterflurkanal","select","1","1","0"
"geeignet_fuer_faserart","Geeignet für Faserart","select","1","1","0"
"geeignet_fuer_flexible_leiter","Geeignet für flexible Leiter","select","1","1","0"
"geeignet_fuer_funktionserhalt","Geeignet für Funktionserhalt","select","1","1","0"
"geeignet_fuer_gitterrinne","Geeignet für Gitterrinne","select","1","1","0"
"geeignet_fuer_glaeser","Geeignet für Gläser","select","1","1","0"
"geeignet_fuer_herde","Geeignet für Herde","select","1","1","0"
"geeignet_fuer_hochspannung","Geeignet für Hochspannung","select","1","1","0"
"geeignet_fuer_hohlwanddose","Geeignet für Hohlwanddose","select","1","1","0"
"geeignet_fuer_jalousieeinsatz","Geeignet für Jalousieeinsatz","select","1","1","0"
"geeignet_fuer_kabelbinderbreit","Geeignet für Kabelbinderbreite bis","select","1","1","0"
"geeignet_fuer_kabelleiter","Geeignet für Kabelleiter","select","1","1","0"
"geeignet_fuer_kabelrinne","Geeignet für Kabelrinne","select","1","1","0"
"geeignet_fuer_kabeltragsystemb","Geeignet für Kabeltragsystembreite","select","1","1","0"
"geeignet_fuer_kanaltiefe","Geeignet für Kanaltiefe","select","1","1","0"
"geeignet_fuer_kunststoff","Geeignet für Kunststoff","select","1","1","0"
"geeignet_fuer_lampenleistung","Geeignet für Lampenleistung","select","1","1","0"
"geeignet_fuer_lampentyp","Geeignet für Lampentyp","select","1","1","0"
"geeignet_fuer_leuchtmittelanza","Geeignet für Leuchtmittelanzahl","select","1","1","0"
"geeignet_fuer_massivleiter","Geeignet für Massivleiter","select","1","1","0"
"geeignet_fuer_materialstaerke","Geeignet für Materialstärke","select","1","1","0"
"geeignet_fuer_max_kabeldurchme","Geeignet für max. Kabeldurchmesser","select","1","1","0"
"geeignet_fuer_metall","Geeignet für Metall","select","1","1","0"
"geeignet_fuer_mikrowellengerae","Geeignet für Mikrowellengeräte","select","1","1","0"
"geeignet_fuer_netzwerkprotokol","Geeignet für Netzwerkprotokollmessung","select","1","1","0"
"geeignet_fuer_not_aus","Geeignet für NOT-AUS","select","1","1","0"
"geeignet_fuer_notlicht","Geeignet für Notlicht","select","1","1","0"
"geeignet_fuer_reiheneinbau","Geeignet für Reiheneinbau","select","1","1","0"
"geeignet_fuer_rinnen_leiterbre","Geeignet für Rinnen-/Leiterbreite","select","1","1","0"
"geeignet_fuer_rohrdurchmesser","Geeignet für Rohrdurchmesser","select","1","1","0"
"geeignet_fuer_schalteinsatz","Geeignet für Schalteinsatz","select","1","1","0"
"geeignet_fuer_schutzart_ip","Geeignet für Schutzart (IP)","select","1","1","0"
"geeignet_fuer_sicherheitsfunkt","Geeignet für Sicherheitsfunktionen","select","1","1","0"
"geeignet_fuer_sicherungseinsae","Geeignet für Sicherungseinsätze","select","1","1","0"
"geeignet_fuer_stahl","Geeignet für Stahl","select","1","1","0"
"geeignet_fuer_standgeraete","Geeignet für Standgeräte","select","1","1","0"
"geeignet_fuer_verbindung","Geeignet für Verbindung","select","1","1","0"
"geeignet_fuer_verbindungsdose","Geeignet für Verbindungsdose","select","1","1","0"
"geeignet_fuer_wandmontage","Geeignet für Wandmontage","select","1","1","0"
"geeignet_fuer_zentraldose","Geeignet für Zentraldose","select","1","1","0"
"gefaerbte_glaeser","Gefärbte Gläser","select","1","1","0"
"gehaeuse","Gehäuse","select","1","1","0"
"gehaeusebauform","Gehäusebauform","select","1","1","0"
"gehaeusefarbe","Gehäusefarbe","select","1","1","0"
"gehaeusegrundfarbe","Gehäusegrundfarbe","select","1","1","0"
"genauigkeitsklasse","Genauigkeitsklasse","select","1","1","0"
"gender","Gender","select","1","1","0"
"gendered","Gender","select","1","1","0"
"genre","Genre","textarea","1","1","0"
"geraeteart","Geräteart","select","1","1","0"
"geraetebauart","Gerätebauart","select","1","1","0"
"geraetebauform","Gerätebauform","select","1","1","0"
"geraetetyp_nur_kuehlung_oder_k","Gerätetyp: nur Kühlung oder Kühlung/Heizung","select","1","1","0"
"geraeuschemission","Geräuschemission","select","1","1","0"
"gesamtanzahl_der_fasern","Gesamtanzahl der Fasern","select","1","1","0"
"gesamtlaenge","Gesamtlänge","select","1","1","0"
"gesamtlaenge_nach_schrumpf","Gesamtlänge nach Schrumpf","select","1","1","0"
"gesamtpolzahl_ohne_erdungskont","Gesamtpolzahl ohne Erdungskontakt","select","1","1","0"
"gesamtzahl_der_werkzeuge","Gesamtzahl der Werkzeuge","select","1","1","0"
"geschirmt","Geschirmt","select","1","1","0"
"geschwindigkeitsregelung","Geschwindigkeitsregelung","select","1","1","0"
"gewicht","Gewicht","select","1","1","0"
"gewicht_mit_akkupack","Gewicht mit Akkupack","select","1","1","0"
"gewindeanschluss","Gewindeanschluss","select","1","1","0"
"gewindeart_aussengewinde","Gewindeart Außengewinde","select","1","1","0"
"gewindeart_innengewinde","Gewindeart Innengewinde","select","1","1","0"
"gewindedurchmesser","Gewindedurchmesser","select","1","1","0"
"gewindedurchmesser_st","Gewindedurchmesser ST","select","1","1","0"
"gewindelaenge","Gewindelänge","select","1","1","0"
"gewindemass_metrisch","Gewindemaß metrisch","select","1","1","0"
"gewindenenngroesse_metrischpg","Gewindenenngröße metrisch/PG","select","1","1","0"
"gigabit_ethernet","Gigabit Ethernet","select","1","1","0"
"gitterrinnenbreite","Gitterrinnenbreite","select","1","1","0"
"griff_klappbar","Griff klappbar","select","1","1","0"
"groesse","Größe","select","1","1","0"
"groesse_tx","Größe (TX)","select","1","1","0"
"groessen","Größen","select","1","1","0"
"groessenbezeichnung","Größenbezeichnung","select","1","1","0"
"grundfarbe","Grundfarbe","select","1","1","0"
"grundgeraet","Grundgerät","select","1","1","0"
"haengeschlossverriegelung","Hängeschlossverriegelung","select","1","1","0"
"halogenfrei","Halogenfrei","select","1","1","0"
"halogenfrei_nach_en_50267_2_2","Halogenfrei nach EN 50267-2-2","select","1","1","0"
"handbedienung","Handbedienung","select","1","1","0"
"handbedienung_moeglich","Handbedienung möglich","select","1","1","0"
"handsender","Handsender","select","1","1","0"
"hauptoberflaechenwerkstoff","Hauptoberflächenwerkstoff","select","1","1","0"
"hd_ready","HD ready","select","1","1","0"
"hdmi_anschluss","HDMI-Anschluss","select","1","1","0"
"hdtv_tauglich","HDTV tauglich","select","1","1","0"
"heissluft","Heißluft","select","1","1","0"
"heizleistung","Heizleistung","select","1","1","0"
"heizung","Heizung","select","1","1","0"
"hilfskontakte_anbaubar","Hilfskontakte anbaubar","select","1","1","0"
"hitzebestaendig","Hitzebeständig","select","1","1","0"
"hochklappbar","Hochklappbar","select","1","1","0"
"hoehe","Höhe","select","1","1","0"
"hoehe_aussen","Höhe außen","select","1","1","0"
"hoehe_der_oeffnung","Höhe der Öffnung","select","1","1","0"
"hoehe_der_seitenwand","Höhe der Seitenwand","select","1","1","0"
"hoehe_des_sensors","Höhe des Sensors","select","1","1","0"
"hoehe_eckkanal","Höhe Eckkanal","select","1","1","0"
"hoehe_sockelleistenkanal","Höhe Sockelleistenkanal","select","1","1","0"
"hoehenverstellbar","Höhenverstellbar","select","1","1","0"
"hoererlose_sprechstelle","Hörerlose Sprechstelle","select","1","1","0"
"hoher_buegel","Hoher Bügel","select","1","1","0"
"homeware_style","Homeware style","select","1","1","0"
"html_attr_table","Produktdaten","textarea","1","1","0"
"huelsenlaenge","Hülsenlänge","select","1","1","0"
"iec_stromstaerke","IEC-Stromstärke","select","1","1","0"
"indoor","Indoor","select","1","1","0"
"induktions_kochfeld","Induktions-Kochfeld","select","1","1","0"
"induktionsgeeignet","Induktionsgeeignet","select","1","1","0"
"infrarotwaerme","Infrarotwärme","select","1","1","0"
"inhalt","Inhalt","select","1","1","0"
"innendurchmesser","Innendurchmesser","select","1","1","0"
"innendurchmesser_finger_vor_sc","Innendurchmesser Finger vor Schrumpf","select","1","1","0"
"innendurchmesser_nach_schrumpf","Innendurchmesser nach Schrumpf","select","1","1","0"
"innendurchmesser_vor_schrumpf","Innendurchmesser vor Schrumpf","select","1","1","0"
"innenradius","Innenradius","select","1","1","0"
"installationstechnik","Installationstechnik","select","1","1","0"
"integrierte_ladevorrichtung","Integrierte Ladevorrichtung","select","1","1","0"
"integrierte_zeitschaltuhr","Integrierte Zeitschaltuhr","select","1","1","0"
"integrierter_anrufbeantworter","Integrierter Anrufbeantworter","select","1","1","0"
"integriertes_waehlgeraet","Integriertes Wählgerät","select","1","1","0"
"isdn_anschluss","ISDN-Anschluss","select","1","1","0"
"isolation","Isolation","select","1","1","0"
"isolationswiderstandsmessberei","Isolationswiderstandsmessbereich","select","1","1","0"
"isolierstrecke","Isolierstrecke","select","1","1","0"
"isoliert","Isoliert","select","1","1","0"
"isolierte_aderendhuelsen","Isolierte Aderendhülsen","select","1","1","0"
"isolierte_kabelverbindungen","Isolierte Kabelverbindungen","select","1","1","0"
"isolierung","Isolierung","select","1","1","0"
"istbestand","Lagerstand","text","1","1","0"
"jpeg_wiedergabe","JPEG Wiedergabe","select","1","1","0"
"kabelbinder","Kabelbinder","select","1","1","0"
"kabeldurchmesser","Kabeldurchmesser","select","1","1","0"
"kabeldurchmesser_abzweigkabel","Kabeldurchmesser Abzweigkabel","select","1","1","0"
"kabeldurchmesser_hauptkabel","Kabeldurchmesser Hauptkabel","select","1","1","0"
"kabellaenge","Kabellänge","select","1","1","0"
"kabelleiterbreite","Kabelleiterbreite","select","1","1","0"
"kabelmodemtauglich","Kabelmodemtauglich","select","1","1","0"
"kabelrinnen_abgangsbreite","Kabelrinnen-Abgangsbreite","select","1","1","0"
"kabelrinnenbreite","Kabelrinnenbreite","select","1","1","0"
"kabeltyp","Kabeltyp","select","1","1","0"
"kabelverschraubungen","Kabelverschraubungen","select","1","1","0"
"kalottenfarbe","Kalottenfarbe","select","1","1","0"
"kanalbereich","Kanalbereich","select","1","1","0"
"kanalbreite","Kanalbreite","select","1","1","0"
"kanalhoehe","Kanalhöhe","select","1","1","0"
"kanalmontage","Kanalmontage","select","1","1","0"
"kapazitaet","Kapazität","select","1","1","0"
"kaskadierbar","Kaskadierbar","select","1","1","0"
"kategorie","Kategorie","select","1","1","0"
"kennziffer","Kennziffer","select","1","1","0"
"klappenart","Klappenart","select","1","1","0"
"klemm_spannbereich","Klemm-/Spannbereich","select","1","1","0"
"klemm_spannbereich_zoll","Klemm-/Spannbereich Zoll","select","1","1","0"
"klemmbereich","Klemmbereich","select","1","1","0"
"klemmbereich_rundleiter","Klemmbereich Rundleiter","select","1","1","0"
"klemmen","Klemmen","select","1","1","0"
"klingenbreite","Klingenbreite","select","1","1","0"
"klingenform","Klingenform","select","1","1","0"
"klingenlaenge","Klingenlänge","select","1","1","0"
"klingenstaerke","Klingenstärke","select","1","1","0"
"knebel","Knebel","select","1","1","0"
"kodierungsrichtung","Kodierungsrichtung","select","1","1","0"
"koerperfettanalyse","Körperfettanalyse","select","1","1","0"
"komplettgeraet_mit_sockel","Komplettgerät mit Sockel","select","1","1","0"
"kondensring","Kondensring","select","1","1","0"
"kontaktausfuehrung","Kontaktausführung","select","1","1","0"
"kontakte","Kontakte","select","1","1","0"
"kopf_ausfuehrung","Kopf-Ausführung","select","1","1","0"
"kopfbreite","Kopfbreite","select","1","1","0"
"kopfform","Kopfform","select","1","1","0"
"kuehlungsart_luftkuehlung_wass",""Kühlungsart: Luftkühlung"," Wasserkühlung"","select","1","1","0"
"kuerzeste_schaltzeit","Kürzeste Schaltzeit","select","1","1","0"
"kuerzeste_schaltzeit_kanal_1","Kürzeste Schaltzeit Kanal 1","select","1","1","0"
"kugelkopf","Kugelkopf","select","1","1","0"
"kurzzeitverzoegerter_typ","Kurzzeitverzögerter Typ","select","1","1","0"
"ladespannung","Ladespannung","select","1","1","0"
"laenge","Länge","select","1","1","0"
"laenge_der_klinge","Länge der Klinge","select","1","1","0"
"laenge_der_leitung","Länge der Leitung","select","1","1","0"
"laenge_der_signalstrecke","Länge der Signalstrecke","select","1","1","0"
"laenge_der_zuleitung","Länge der Zuleitung","select","1","1","0"
"laenge_geeignet_fuer","Länge geeignet für","select","1","1","0"
"laengehoehe","Länge/Höhe","select","1","1","0"
"lagerfaehigkeit_in_monaten","Lagerfähigkeit in Monaten","select","1","1","0"
"lampenform","Lampenform","select","1","1","0"
"lampenleistung","Lampenleistung","select","1","1","0"
"lampenleistung_je_meter","Lampenleistung je Meter","select","1","1","0"
"lampenleistung_wendel_1","Lampenleistung Wendel 1","select","1","1","0"
"lampensockel","Lampensockel","select","1","1","0"
"lampenspannung","Lampenspannung","select","1","1","0"
"lange_ausfuehrung","Lange Ausführung","select","1","1","0"
"laserschutzklasse","Laserschutzklasse","select","1","1","0"
"lastart","Lastart","select","1","1","0"
"lauthoeren","Lauthören","select","1","1","0"
"lautstaerke","Lautstärke","select","1","1","0"
"leistungsabgabe","Leistungsabgabe","select","1","1","0"
"leistungsaufnahme","Leistungsaufnahme","select","1","1","0"
"leistungsregelung","Leistungsregelung","select","1","1","0"
"leistungsregelung_stufenlos","Leistungsregelung stufenlos","select","1","1","0"
"leiter_durchmesser","Leiter-Durchmesser","select","1","1","0"
"leiter_klasse","Leiter-Klasse","select","1","1","0"
"leiter_material","Leiter-Material","select","1","1","0"
"leiter_nennquerschnitt","Leiter-Nennquerschnitt","select","1","1","0"
"leiterabmessungen","Leiterabmessungen","select","1","1","0"
"length","Length","select","1","1","0"
"lernfaehig","Lernfähig","select","1","1","0"
"leuchtmittel","Leuchtmittel","select","1","1","0"
"leuchtmittelbestueckung","Leuchtmittelbestückung","select","1","1","0"
"lichtfarbe","Lichtfarbe","select","1","1","0"
"lichtpunkthoehe","Lichtpunkthöhe","select","1","1","0"
"lichtstrom","Lichtstrom","select","1","1","0"
"lichtverteilung","Lichtverteilung","select","1","1","0"
"lieferform","Lieferform","select","1","1","0"
"lieferumfang","Lieferumfang","select","1","1","0"
"lieferumfang_des_einwegsystems","Lieferumfang des Einwegsystems","select","1","1","0"
"lochdurchmesser","Lochdurchmesser","select","1","1","0"
"lochform","Lochform","select","1","1","0"
"lochung","Lochung","select","1","1","0"
"loetspitze_auswechselbar","Lötspitze auswechselbar","select","1","1","0"
"loetspitzendurchmesser","Lötspitzendurchmesser","select","1","1","0"
"loetspitzenform","Lötspitzenform","select","1","1","0"
"loses_glas","Loses Glas","select","1","1","0"
"luftmenge","Luftmenge","select","1","1","0"
"magnetbefestigung","Magnetbefestigung","select","1","1","0"
"magnetisch","Magnetisch","select","1","1","0"
"mahlsystem","Mahlsystem","select","1","1","0"
"managebar","Managebar","select","1","1","0"
"mantel_farbe","Mantel-Farbe","select","1","1","0"
"mantel_material","Mantel-Material","select","1","1","0"
"maschinenaufnahme","Maschinenaufnahme","select","1","1","0"
"maschinengewicht","Maschinengewicht","select","1","1","0"
"mass","Maß","select","1","1","0"
"masseinheit","Maßeinheit","select","1","1","0"
"mastrohrdurchmesser","Mastrohrdurchmesser","select","1","1","0"
"mastzopfdurchmesser","Mastzopfdurchmesser","select","1","1","0"
"material","Material","select","1","1","0"
"materialstaerke","Materialstärke","select","1","1","0"
"max_abfallverzoegerung","Max. Abfallverzögerung","select","1","1","0"
"max_aderzahl_anschliessbar","Max. Aderzahl anschließbar","select","1","1","0"
"max_anzahl_der_doppeladern_da","Max. Anzahl der Doppeladern (DA)","select","1","1","0"
"max_anzahl_der_jalousieausgaen","Max. Anzahl der Jalousieausgänge","select","1","1","0"
"max_anzahl_der_kabel","Max. Anzahl der Kabel","select","1","1","0"
"max_anzahl_der_personen","Max. Anzahl der Personen","select","1","1","0"
"max_anzahl_der_schaltausgaenge","Max. Anzahl der Schaltausgänge","select","1","1","0"
"max_anzahl_der_teilnehmer","Max. Anzahl der Teilnehmer","select","1","1","0"
"max_anzahl_der_tueren","Max. Anzahl der Türen","select","1","1","0"
"max_anzahl_der_videoeingaenge","Max. Anzahl der Videoeingänge","select","1","1","0"
"max_anzahl_der_zuege","Max. Anzahl der Züge","select","1","1","0"
"max_anzahl_steuerbarer_geraete","Max. Anzahl steuerbarer Geräte","select","1","1","0"
"max_ausgangsfrequenz","Max. Ausgangsfrequenz","select","1","1","0"
"max_ausgangsstrom","Max. Ausgangsstrom","select","1","1","0"
"max_ausgangsstrom_1","Max. Ausgangsstrom 1","select","1","1","0"
"max_ausgangsstrom_bei_ac_50_hz","Max. Ausgangsstrom bei AC 50 Hz","select","1","1","0"
"max_ausgangsstrom_bei_dc","Max. Ausgangsstrom bei DC","select","1","1","0"
"max_belastbarkeit","Max. Belastbarkeit","select","1","1","0"
"max_bemessungsbetriebsspannung","Max. Bemessungsbetriebsspannung Ue","select","1","1","0"
"max_bemessungsstrom","Max. Bemessungsstrom","select","1","1","0"
"max_betriebsdruck","Max. Betriebsdruck","select","1","1","0"
"max_betriebstemperatur","Max. Betriebstemperatur","select","1","1","0"
"max_blechstaerke","Max. Blechstärke","select","1","1","0"
"max_bohrdurchmesser","Max. Bohrdurchmesser","select","1","1","0"
"max_drehmoment","Max. Drehmoment","select","1","1","0"
"max_gluehlampenlast","Max. Glühlampenlast","select","1","1","0"
"max_heizleistung","Max. Heizleistung","select","1","1","0"
"max_kabelquerschnitt","Max. Kabelquerschnitt","select","1","1","0"
"max_kabeltrommelbreite","Max. Kabeltrommelbreite","select","1","1","0"
"max_kabeltrommeldurchmesser","Max. Kabeltrommeldurchmesser","select","1","1","0"
"max_laenge_der_zugschnur","Max. Länge der Zugschnur","select","1","1","0"
"max_leistung","Max. Leistung","select","1","1","0"
"max_leiterquerschnitt","Max. Leiterquerschnitt","select","1","1","0"
"max_leitungslaenge_lichtfuehle","Max. Leitungslänge Lichtfühler","select","1","1","0"
"max_leuchtstofflampenlast","Max. Leuchtstofflampenlast","select","1","1","0"
"max_loetspitzentemperatur","Max. Lötspitzentemperatur","select","1","1","0"
"max_mikrowellenleistung","Max. Mikrowellenleistung","select","1","1","0"
"max_reichweite_frontal","Max. Reichweite frontal","select","1","1","0"
"max_reichweite_zu_einer_seite","Max. Reichweite zu einer Seite","select","1","1","0"
"max_schaltabstand","Max. Schaltabstand","select","1","1","0"
"max_schaltleistung","Max. Schaltleistung","select","1","1","0"
"max_scheinleistung","Max. Scheinleistung","select","1","1","0"
"max_schlagzahl","Max. Schlagzahl","select","1","1","0"
"max_schluesselweite","Max. Schlüsselweite","select","1","1","0"
"max_sekundaerspannung","Max. Sekundärspannung","select","1","1","0"
"max_steuerstrom","Max. Steuerstrom","select","1","1","0"
"max_temperatur","Max. Temperatur","select","1","1","0"
"max_uebertragungsrate","Max. Übertragungsrate","select","1","1","0"
"max_verzoegerungszeit","Max. Verzögerungszeit","select","1","1","0"
"max_zulaessige_ansprechverzoeg","Max. zulässige Ansprechverzögerungszeit","select","1","1","0"
"max_zulaessige_rueckfallverzoe","Max. zulässige Rückfallverzögerungszeit","select","1","1","0"
"mediumtemperatur","Mediumtemperatur","select","1","1","0"
"mehrfachanzeige","Mehrfachanzeige","select","1","1","0"
"meldeart","Meldeart","select","1","1","0"
"menge","menge","price","1","1","0"
"messbereich","Messbereich","select","1","1","0"
"messbereichswahl","Messbereichswahl","select","1","1","0"
"messprinzip","Messprinzip","select","1","1","0"
"messpunkt","Messpunkt","select","1","1","0"
"messung_zwischen_den_phasen_mo","Messung zwischen den Phasen möglich","select","1","1","0"
"messwertspeicher","Messwertspeicher","select","1","1","0"
"meta_autogenerate","Auto-Generate Meta-Information","select","1","1","0"
"mikrowelle","Mikrowelle","select","1","1","0"
"min_bohrdurchmesser","Min. Bohrdurchmesser","select","1","1","0"
"min_hohlraumtiefe","Min. Hohlraumtiefe","select","1","1","0"
"min_kabelquerschnitt_installat","Min. Kabelquerschnitt (Installationsseite)","select","1","1","0"
"min_kabelquerschnitt_leuchtens","Min. Kabelquerschnitt (Leuchtenseite)","select","1","1","0"
"min_qua","Mindestbestellmenge","text","1","1","0"
"min_reflektorabstand","Min. Reflektorabstand","select","1","1","0"
"mindestdurchmesser_mauerdurchb","Mindestdurchmesser Mauerdurchbruch","select","1","1","0"
"mit_abdeckrahmen","Mit Abdeckrahmen","select","1","1","0"
"mit_abreisskopf","Mit Abreißkopf","select","1","1","0"
"mit_achse","Mit Achse","select","1","1","0"
"mit_achsverlaengerung","Mit Achsverlängerung","select","1","1","0"
"mit_aktivkohle","Mit Aktivkohle","select","1","1","0"
"mit_alpha_tastatur","Mit Alpha Tastatur","select","1","1","0"
"mit_amerika_stecker","Mit Amerika-Stecker","select","1","1","0"
"mit_anschlag","Mit Anschlag","select","1","1","0"
"mit_anschlusskabel","Mit Anschlusskabel","select","1","1","0"
"mit_anschlussleisten","Mit Anschlussleisten","select","1","1","0"
"mit_anschlussloechern","Mit Anschlusslöchern","select","1","1","0"
"mit_anschlussschnur_und_stecke","Mit Anschlussschnur und Stecker","select","1","1","0"
"mit_anti_rutsch_beschichtung","Mit Anti-Rutsch-Beschichtung","select","1","1","0"
"mit_anzeige","Mit Anzeige","select","1","1","0"
"mit_arretierung","Mit Arretierung","select","1","1","0"
"mit_aufdruck","Mit Aufdruck","select","1","1","0"
"mit_aussengewinde","Mit Außengewinde","select","1","1","0"
"mit_auswechselbaren_einsaetzen","Mit auswechselbaren Einsätzen","select","1","1","0"
"mit_beleuchtung","Mit Beleuchtung","select","1","1","0"
"mit_bodenbelagaussparung","Mit Bodenbelagaussparung","select","1","1","0"
"mit_buchsenkupplungen","Mit Buchsen/Kupplungen","select","1","1","0"
"mit_commonwealth_stecker","Mit Commonwealth-Stecker","select","1","1","0"
"mit_deckel","Mit Deckel","select","1","1","0"
"mit_dichtung","Mit Dichtung","select","1","1","0"
"mit_digital_anzeige","Mit Digital-Anzeige","select","1","1","0"
"mit_display","Mit Display","select","1","1","0"
"mit_drahtschneider","Mit Drahtschneider","select","1","1","0"
"mit_duebel","Mit Dübel","select","1","1","0"
"mit_eingebautem_filter","Mit eingebautem Filter","select","1","1","0"
"mit_entladungsfunktion","Mit Entladungsfunktion","select","1","1","0"
"mit_erdungsanschluss","Mit Erdungsanschluss","select","1","1","0"
"mit_erhoehtem_beruehrungsschut","Mit erhöhtem Berührungsschutz","select","1","1","0"
"mit_feder","Mit Feder","select","1","1","0"
"mit_fernbedienung","Mit Fernbedienung","select","1","1","0"
"mit_fernmeldekontakt","Mit Fernmeldekontakt","select","1","1","0"
"mit_filter","Mit Filter","select","1","1","0"
"mit_filterwechselanzeige","Mit Filterwechselanzeige","select","1","1","0"
"mit_fluchtentriegelung","Mit Fluchtentriegelung","select","1","1","0"
"mit_fuell_daemmstoffen","Mit Füll-Dämmstoffen","select","1","1","0"
"mit_geblaese","Mit Gebläse","select","1","1","0"
"mit_gewinde","Mit Gewinde","select","1","1","0"
"mit_griff_rotgelb","Mit Griff rot/gelb","select","1","1","0"
"mit_handschuh","Mit Handschuh","select","1","1","0"
"mit_handschutz","Mit Handschutz","select","1","1","0"
"mit_heizfunktion","Mit Heizfunktion","select","1","1","0"
"mit_heizung","Mit Heizung","select","1","1","0"
"mit_infrarot_sensor","Mit Infrarot-Sensor","select","1","1","0"
"mit_innenkleber","Mit Innenkleber","select","1","1","0"
"mit_integriertem_leuchtmittel","Mit integriertem Leuchtmittel","select","1","1","0"
"mit_integrierter_pruefbuchse","Mit integrierter Prüfbuchse","select","1","1","0"
"mit_kabeldurchfuehrung","Mit Kabeldurchführung","select","1","1","0"
"mit_kabeleinfuehrung","Mit Kabeleinführung","select","1","1","0"
"mit_klappdeckel","Mit Klappdeckel","select","1","1","0"
"mit_kontroll_leuchte","Mit Kontroll-Leuchte","select","1","1","0"
"mit_kunststoffwanne","Mit Kunststoffwanne","select","1","1","0"
"mit_led_anzeige","Mit LED-Anzeige","select","1","1","0"
"mit_leuchtmittel","Mit Leuchtmittel","select","1","1","0"
"mit_lichtsensor","Mit Lichtsensor","select","1","1","0"
"mit_loch","Mit Loch","select","1","1","0"
"mit_magnethalter","Mit Magnethalter","select","1","1","0"
"mit_mechanischer_entriegelung","Mit mechanischer Entriegelung","select","1","1","0"
"mit_metallwanne","Mit Metallwanne","select","1","1","0"
"mit_mutter","Mit Mutter","select","1","1","0"
"mit_n_leiter","Mit N-Leiter","select","1","1","0"
"mit_namensschild","Mit Namensschild","select","1","1","0"
"mit_netzteil","Mit Netzteil","select","1","1","0"
"mit_nullstellung","Mit Nullstellung","select","1","1","0"
"mit_nummerischer_tastatur","Mit nummerischer Tastatur","select","1","1","0"
"mit_on_screen_display","Mit On Screen Display","select","1","1","0"
"mit_optischer_schnittstelle","Mit optischer Schnittstelle","select","1","1","0"
"mit_potenzialtrennung","Mit Potenzialtrennung","select","1","1","0"
"mit_raumthermostat","Mit Raumthermostat","select","1","1","0"
"mit_schlagmelder","Mit Schlagmelder","select","1","1","0"
"mit_schluessel","Mit Schlüssel","select","1","1","0"
"mit_schraubverbindern","Mit Schraubverbindern","select","1","1","0"
"mit_schutzhaube","Mit Schutzhaube","select","1","1","0"
"mit_seitenschneider","Mit Seitenschneider","select","1","1","0"
"mit_sichtloch","Mit Sichtloch","select","1","1","0"
"mit_sieb","Mit Sieb","select","1","1","0"
"mit_sockel","Mit Sockel","select","1","1","0"
"mit_starteingang","Mit Starteingang","select","1","1","0"
"mit_statusanzeige","Mit Statusanzeige","select","1","1","0"
"mit_staubschutz","Mit Staubschutz","select","1","1","0"
"mit_steckdose","Mit Steckdose","select","1","1","0"
"mit_stirnband","Mit Stirnband","select","1","1","0"
"mit_suedeuropa_stecker","Mit Südeuropa-Stecker","select","1","1","0"
"mit_systemtasten","Mit Systemtasten","select","1","1","0"
"mit_temperaturregelung","Mit Temperaturregelung","select","1","1","0"
"mit_temperaturregler","Mit Temperaturregler","select","1","1","0"
"mit_teppichleiste","Mit Teppichleiste","select","1","1","0"
"mit_thermostat","Mit Thermostat","select","1","1","0"
"mit_touchscreen","Mit Touchscreen","select","1","1","0"
"mit_tuerverriegelung","Mit Türverriegelung","select","1","1","0"
"mit_verdrahtung","Mit Verdrahtung","select","1","1","0"
"mit_verriegelung","Mit Verriegelung","select","1","1","0"
"mit_verstaerker","Mit Verstärker","select","1","1","0"
"mit_waermedaemmung","Mit Wärmedämmung","select","1","1","0"
"mit_wandhalterung","Mit Wandhalterung","select","1","1","0"
"mit_warn_hinweissymbol","Mit Warn-/Hinweissymbol","select","1","1","0"
"mit_warn_hinweistext","Mit Warn-/Hinweistext","select","1","1","0"
"mit_werkzeug","Mit Werkzeug","select","1","1","0"
"mit_zeitschaltuhr","mit Zeitschaltuhr","select","1","1","0"
"mit_zentrierbohrer","Mit Zentrierbohrer","select","1","1","0"
"mit_zuleitung","Mit Zuleitung","select","1","1","0"
"mit_zusatzheizung","Mit Zusatzheizung","select","1","1","0"
"mit_zweikreiszone","Mit Zweikreiszone","select","1","1","0"
"mitschaltender_neutralleiter","Mitschaltender Neutralleiter","select","1","1","0"
"modular","Modular","select","1","1","0"
"modulare_bauweise","Modulare Bauweise","select","1","1","0"
"montageart","Montageart","select","1","1","0"
"montageart_lichtfuehler","Montageart Lichtfühler","select","1","1","0"
"montagehoehe","Montagehöhe","select","1","1","0"
"montageoeffnung","Montageöffnung","select","1","1","0"
"montagerichtung","Montagerichtung","select","1","1","0"
"motordrehrichtungstester","Motordrehrichtungstester","select","1","1","0"
"motorleistung","Motorleistung","select","1","1","0"
"mp3","MP3","select","1","1","0"
"mp3_wiedergabe","MP3 Wiedergabe","select","1","1","0"
"mtz","Metallart","text","1","1","0"
"multifeedtauglich","Multifeedtauglich","select","1","1","0"
"multischalter_integriert","Multischalter integriert","select","1","1","0"
"nach_din","Nach DIN","select","1","1","0"
"nachleuchtend","Nachleuchtend","select","1","1","0"
"nagellaenge","Nagellänge","select","1","1","0"
"nebenstelleneingang","Nebenstelleneingang","select","1","1","0"
"nennableitstossstrom_820","Nennableitstoßstrom (8/20)","select","1","1","0"
"nennableitstrom_820","Nennableitstrom (8/20)","select","1","1","0"
"nenndurchmesser","Nenndurchmesser","select","1","1","0"
"nenngroesse","Nenngröße","select","1","1","0"
"nenninhalt","Nenninhalt","select","1","1","0"
"nennlaststrom","Nennlaststrom","select","1","1","0"
"nennleistung","Nennleistung","select","1","1","0"
"nennleistungsaufnahme","Nennleistungsaufnahme","select","1","1","0"
"nennmass","Nennmaß","select","1","1","0"
"nennquerschnitt","Nennquerschnitt","select","1","1","0"
"nennschaltstrom_bei_230_v_ac","Nennschaltstrom bei 230 V AC","select","1","1","0"
"nennspannung_ac","Nennspannung AC","select","1","1","0"
"nennspannung_dc","Nennspannung DC","select","1","1","0"
"nennspannung_u","Nennspannung U","select","1","1","0"
"nennstrom","Nennstrom","select","1","1","0"
"nennweite","Nennweite","select","1","1","0"
"netzableitkapazitaet","Netzableitkapazität","select","1","1","0"
"netzform","Netzform","select","1","1","0"
"netzspannung","Netzspannung","select","1","1","0"
"netzwerkanschluss","Netzwerkanschluss","select","1","1","0"
"nicht_isolierte_aderendhuelsen","Nicht-isolierte Aderendhülsen","select","1","1","0"
"nicht_isolierte_kabelverbindun","Nicht-isolierte Kabelverbindungen","select","1","1","0"
"niederohmmessung","Niederohmmessung","select","1","1","0"
"nivellierbereich","Nivellierbereich","select","1","1","0"
"nominaler_endwert_der_skala","Nominaler Endwert der Skala","select","1","1","0"
"normbezeichnung_ece","Normbezeichnung (ECE)","select","1","1","0"
"nrapps_idealo_exclude","Von idealo Connect ausnehmen","select","1","0","0"
"nrapps_idealo_exclude","Exclude from idealo Connect","select","1","0","0"
"nutzbarer_querschnitt","Nutzbarer Querschnitt","select","1","1","0"
"nutzinhalt","Nutzinhalt","select","1","1","0"
"nutzinhalt_des_kuehlfachs","Nutzinhalt des Kühlfachs","select","1","1","0"
"oberteilbreite","Oberteilbreite","select","1","1","0"
"occasion","Occasion","select","1","1","0"
"oeffnungsdurchmesser","Öffnungsdurchmesser","select","1","1","0"
"oelbestaendig_nach_en_60811_2_","Ölbeständig nach EN 60811-2-1","select","1","1","0"
"oesen_innendurchmesser","Ösen-Innendurchmesser","select","1","1","0"
"optischer_zoom","Optischer Zoom","select","1","1","0"
"oszillation","Oszillation","select","1","1","0"
"outdoor","Outdoor","select","1","1","0"
"packmenge","","text","1","1","0"
"passend_auf_korrekturbrille","Passend auf Korrekturbrille","select","1","1","0"
"pen_funktion_moeglich","PEN-Funktion möglich","select","1","1","0"
"phasenwender","Phasenwender","select","1","1","0"
"physikalisches_messprinzip","Physikalisches Messprinzip","select","1","1","0"
"plattenbreite","Plattenbreite","select","1","1","0"
"plattenhoehe","Plattenhöhe","select","1","1","0"
"platzierung_der_spuele","Platzierung der Spüle","select","1","1","0"
"plombierbar","Plombierbar","select","1","1","0"
"polzahl","Polzahl","select","1","1","0"
"power_over_ethernet","Power over Ethernet","select","1","1","0"
"preisme","","text","1","1","0"
"pressform","Pressform","select","1","1","0"
"presskabelschuhe_fuer_cu_leite","Presskabelschuhe für Cu-Leiter","select","1","1","0"
"primaerer_bemessungsstrom_in","Primärer Bemessungsstrom In","select","1","1","0"
"primaerspannung","Primärspannung","select","1","1","0"
"pruefklasse","Prüfklasse","select","1","1","0"
"querschnitt","Querschnitt","select","1","1","0"
"querschnitt_des_anzuschliessen","Querschnitt des anzuschließenden Kabels","select","1","1","0"
"querschnitt_hoehe","Querschnitt-Höhe","select","1","1","0"
"querschnittsform","Querschnittsform","select","1","1","0"
"radius","Radius","select","1","1","0"
"rahmenausfuehrung","Rahmenausführung","select","1","1","0"
"ral_nummer","RAL-Nummer","select","1","1","0"
"rastbar","Rastbar","select","1","1","0"
"rastermass","Rastermaß","select","1","1","0"
"rastermass_der_anschluesse","Rastermaß der Anschlüsse","select","1","1","0"
"rds","RDS","select","1","1","0"
"receiver_typ","Receiver-Typ","select","1","1","0"
"reichweite","Reichweite","select","1","1","0"
"reichweite_des_schutzfeldes","Reichweite des Schutzfeldes","select","1","1","0"
"reinigungssystem","Reinigungssystem","select","1","1","0"
"reiterausfuehrung","Reiterausführung","select","1","1","0"
"restzeitanzeige","Restzeitanzeige","select","1","1","0"
"rinnenbefestigung","Rinnenbefestigung","select","1","1","0"
"rohr_kabeldurchmesser","Rohr-/Kabeldurchmesser","select","1","1","0"
"rohrdurchmesser","Rohrdurchmesser","select","1","1","0"
"rohrkabelschuhe_fuer_cu_leiter","Rohrkabelschuhe für Cu-Leiter","select","1","1","0"
"rohrlaenge","Rohrlänge","select","1","1","0"
"rohrmontage_moeglich","Rohrmontage möglich","select","1","1","0"
"rueckkanal","Rückkanal","select","1","1","0"
"rufunterscheidung","Rufunterscheidung","select","1","1","0"
"saegeblattlaenge","Sägeblattlänge","select","1","1","0"
"saeulenform","Säulenform","select","1","1","0"
"sammelschienenbreite","Sammelschienenbreite","select","1","1","0"
"sammelschienendicke","Sammelschienendicke","select","1","1","0"
"saugbuerste","Saugbürste","select","1","1","0"
"schaftdurchmesser","Schaftdurchmesser","select","1","1","0"
"schaftlaenge","Schaftlänge","select","1","1","0"
"schalt_nennstrom_bei_250_v_pot",""Schalt-Nennstrom bei 250 V"," potenzialfrei"","select","1","1","0"
"schaltabstand","Schaltabstand","select","1","1","0"
"schaltdifferenz_der_temperatur","Schaltdifferenz der Temperatur","select","1","1","0"
"schalterfunktion","Schalterfunktion","select","1","1","0"
"schaltfrequenz","Schaltfrequenz","select","1","1","0"
"schaltfunktion","Schaltfunktion","select","1","1","0"
"schaltleistung","Schaltleistung","select","1","1","0"
"schaltstrom","Schaltstrom","select","1","1","0"
"schaltungsart","Schaltungsart","select","1","1","0"
"scharnier_aussenliegend","Scharnier außenliegend","select","1","1","0"
"schenkellaenge","Schenkellänge","select","1","1","0"
"schersystem","Schersystem","select","1","1","0"
"schienenabstand","Schienenabstand","select","1","1","0"
"schienenbreite","Schienenbreite","select","1","1","0"
"schirm_ueber_verseilung","Schirm über Verseilung","select","1","1","0"
"schlossbreite","Schlossbreite","select","1","1","0"
"schluesselweite","Schlüsselweite","select","1","1","0"
"schluesselweite_gross","Schlüsselweite groß","select","1","1","0"
"schluesselweite_klein","Schlüsselweite klein","select","1","1","0"
"schneide","Schneide","select","1","1","0"
"schneidenbreite","Schneidenbreite","select","1","1","0"
"schneidenform","Schneidenform","select","1","1","0"
"schnell_ladegeraet","Schnell-Ladegerät","select","1","1","0"
"schnellwechselkopf","Schnellwechselkopf","select","1","1","0"
"schnittbereich","Schnittbereich","select","1","1","0"
"schnittkaschierung","Schnittkaschierung","select","1","1","0"
"schnittstelle","Schnittstelle","select","1","1","0"
"schnitttiefe","Schnitttiefe","select","1","1","0"
"schraubsystem","Schraubsystem","select","1","1","0"
"schrumpfrate","Schrumpfrate","select","1","1","0"
"schuhgroesse","Schuhgröße","select","1","1","0"
"schutz_gegen_vandalismus","Schutz gegen Vandalismus","select","1","1","0"
"schutzart_ip","Schutzart (IP)","select","1","1","0"
"schutzart_ip_montiert",""Schutzart (IP)"," montiert"","select","1","1","0"
"schutzklasse","Schutzklasse","select","1","1","0"
"schutzleiter","Schutzleiter","select","1","1","0"
"schutzpegel","Schutzpegel","select","1","1","0"
"schutzpegel_adererde","Schutzpegel Ader/Erde","select","1","1","0"
"searchindex_weight","Search Weight","text","1","1","0"
"searchindex_weight","Search Weight","text","1","1","0"
"sekundaerspannung","Sekundärspannung","select","1","1","0"
"sekundaerspannung_1","Sekundärspannung 1","select","1","1","0"
"selbstbohrend","Selbstbohrend","select","1","1","0"
"selbstklebend","Selbstklebend","select","1","1","0"
"selbstverschweissendamalgamier","Selbstverschweißend/Amalgamierend","select","1","1","0"
"separater_fuehler","Separater Fühler","select","1","1","0"
"shoe_size","Shoe size","select","1","1","0"
"sicherheitstyp_gemaess_iec_614","Sicherheitstyp gemäß IEC 61496-1","select","1","1","0"
"sicherung","Sicherung","select","1","1","0"
"sichtbare_signalstrecke","Sichtbare Signalstrecke","select","1","1","0"
"signal_nennableitstossstrom_82","Signal-Nennableitstoßstrom (8/20)","select","1","1","0"
"signalisierung_am_geraet","Signalisierung am Gerät","select","1","1","0"
"signalton","Signalton","select","1","1","0"
"size","Size","select","1","1","0"
"sms_funktionalitaet","SMS-Funktionalität","select","1","1","0"
"sockel","Sockel","select","1","1","0"
"solarfaehig","Solarfähig","select","1","1","0"
"sonstige_bezeichnung","Sonstige Bezeichnung","select","1","1","0"
"spachtelbreite","Spachtelbreite","select","1","1","0"
"spannbereich","Spannbereich","select","1","1","0"
"spannseildurchmesser","Spannseildurchmesser","select","1","1","0"
"spannung","Spannung","select","1","1","0"
"spannung_nach_en_60309_2","Spannung nach EN 60309-2","select","1","1","0"
"spannung_umschaltbar","Spannung umschaltbar","select","1","1","0"
"spannungsart","Spannungsart","select","1","1","0"
"spannungsart_der_betriebsspann","Spannungsart der Betriebsspannung","select","1","1","0"
"spannungsart_der_versorgungssp","Spannungsart der Versorgungsspannung","select","1","1","0"
"spannungsart_zur_betaetigung","Spannungsart zur Betätigung","select","1","1","0"
"spannungsmessbereich","Spannungsmessbereich","select","1","1","0"
"spannungsmessbereich_1","Spannungsmessbereich 1","select","1","1","0"
"spannungsmessung","Spannungsmessung","select","1","1","0"
"spannungsreihe","Spannungsreihe","select","1","1","0"
"speicherart","Speicherart","select","1","1","0"
"speichergroesse","Speichergröße","select","1","1","0"
"speichermedium","Speichermedium","select","1","1","0"
"sperren_gegen_ausschalten","Sperren gegen Ausschalten","select","1","1","0"
"sperren_gegen_einschalten","Sperren gegen Einschalten","select","1","1","0"
"spezialwerkzeug_notwendig","Spezialwerkzeug notwendig","select","1","1","0"
"spezielle_anwendung","Spezielle Anwendung","select","1","1","0"
"spirallaenge_ausgezogen","Spirallänge (ausgezogen)","select","1","1","0"
"spitzendurchmesserspitzenbreit","Spitzendurchmesser/Spitzenbreite","select","1","1","0"
"sprache","Sprache","select","1","1","0"
"sprachsteuerung","Sprachsteuerung","select","1","1","0"
"sprossenabstand","Sprossenabstand","select","1","1","0"
"spuelmaschinengeeignet","Spülmaschinengeeignet","select","1","1","0"
"stabilisiert","Stabilisiert","select","1","1","0"
"staerke","Stärke","select","1","1","0"
"stangendurchmesser","Stangendurchmesser","select","1","1","0"
"stanzkraft","Stanzkraft","select","1","1","0"
"stara_articlenumber","Stara Article Number","text","1","1","0"
"startzeitvorwahl","Startzeitvorwahl","select","1","1","0"
"staubbeutelbetrieb","Staubbeutelbetrieb","select","1","1","0"
"steckrichtung","Steckrichtung","select","1","1","0"
"steckverbindertyp","Steckverbindertyp","select","1","1","0"
"steigetrassenbreite","Steigetrassenbreite","select","1","1","0"
"steigetrassenhoehe","Steigetrassenhöhe","select","1","1","0"
"stempeldurchmesser","Stempeldurchmesser","select","1","1","0"
"stereo","Stereo","select","1","1","0"
"steuerleistung","Steuerleistung","select","1","1","0"
"steuerstrom","Steuerstrom","select","1","1","0"
"steuerung","Steuerung","select","1","1","0"
"stiftform","Stiftform","select","1","1","0"
"stiftmass","Stiftmaß","select","1","1","0"
"stromart","Stromart","select","1","1","0"
"stromaufnahme","Stromaufnahme","select","1","1","0"
"strommessbereich","Strommessbereich","select","1","1","0"
"stromversorgung","Stromversorgung","select","1","1","0"
"style","Style","select","1","1","0"
"t123_sales_price_excl_vat","","price","1","1","0"
"tagesprogramm","Tagesprogramm","select","1","1","0"
"tassenzahl","Tassenzahl","select","1","1","0"
"technologie","Technologie","select","1","1","0"
"teg_auslaufartikel","","text","1","1","0"
"teg_ek_per_piece_or_meter_excl","teg_ek_per_piece_or_meter_excl","price","1","1","0"
"teg_kabel","teg_kabel","text","1","1","0"
"teg_netpricelist","TEG Netpricelist","boolean","1","1","0"
"teg_preisbasis","","text","1","1","0"
"teg_prodnumber","Hersteller-Artikelnummer","text","1","1","0"
"teg_stockitem","TEG Stockitem","boolean","1","1","0"
"teg_vk_per_piece_or_meter_excl","","price","1","1","0"
"teilnehmeranschluesse","Teilnehmeranschlüsse","select","1","1","0"
"teilung","Teilung","select","1","1","0"
"teilungsmass","Teilungsmaß","select","1","1","0"
"temperatur","Temperatur","select","1","1","0"
"temperaturbereich","Temperaturbereich","select","1","1","0"
"temperaturbestaendig_bis","Temperaturbeständig bis","select","1","1","0"
"temperatureinstellung","Temperatureinstellung","select","1","1","0"
"temperaturmessung","Temperaturmessung","select","1","1","0"
"temperaturwert_einstellbar","Temperaturwert einstellbar","select","1","1","0"
"tiefe","Tiefe","select","1","1","0"
"tiefe_der_bodenbelagaussparung","Tiefe der Bodenbelagaussparung","select","1","1","0"
"tiefe_des_geraeteeinbaukanals","Tiefe des Geräteeinbaukanals","select","1","1","0"
"tiefe_sockelleistenkanal","Tiefe Sockelleistenkanal","select","1","1","0"
"tiefkuehlklinge","Tiefkühlklinge","select","1","1","0"
"timer","Timer","select","1","1","0"
"timerfunktion","Timerfunktion","select","1","1","0"
"touchpanel","Touchpanel","select","1","1","0"
"tragfaehigkeit","Tragfähigkeit","select","1","1","0"
"tragkraft","Tragkraft","select","1","1","0"
"tragschienenbestueckung","Tragschienenbestückung","select","1","1","0"
"transparent","transparent","select","1","1","0"
"trennwandbefestigung","Trennwandbefestigung","select","1","1","0"
"trennwandbreite","Trennwandbreite","select","1","1","0"
"trennwandhoehe","Trennwandhöhe","select","1","1","0"
"tresterauswurf","Tresterauswurf","select","1","1","0"
"trocknungsart","Trocknungsart","select","1","1","0"
"tueranschlag","Türanschlag","select","1","1","0"
"typklasse_fuer_sicherheitsanfo","Typklasse für Sicherheitsanforderungen gemäß EN 574","select","1","1","0"
"ueberbrueckungszeit_volllast","Überbrückungszeit Volllast","select","1","1","0"
"uebertragungsrate","Übertragungsrate","select","1","1","0"
"ueberwachungseinrichtung","Überwachungseinrichtung","select","1","1","0"
"umbau_von_fest_zu_plug_in","Umbau von fest zu Plug-in","select","1","1","0"
"umbau_von_plug_in_zu_fest","Umbau von Plug-in zu fest","select","1","1","0"
"unterputz","Unterputz","select","1","1","0"
"usb_anschluss","USB-Anschluss","select","1","1","0"
"usv_technologie","USV-Technologie","select","1","1","0"
"uv_bestaendig","UV-beständig","select","1","1","0"
"vde_geprueft","VDE geprüft","select","1","1","0"
"vendor","Vendor","text","1","1","0"
"verarbeitungszeit","Verarbeitungszeit","select","1","1","0"
"verbindungsart","Verbindungsart","select","1","1","0"
"verlaengertes_aufsatzstueck","Verlängertes Aufsatzstück","select","1","1","0"
"verlustleistung","Verlustleistung","select","1","1","0"
"vernetzbar","Vernetzbar","select","1","1","0"
"vernetzbar_ueber_kabel","Vernetzbar über Kabel","select","1","1","0"
"versorgungsspannung","Versorgungsspannung","select","1","1","0"
"verstellbar","Verstellbar","select","1","1","0"
"verstellbares_objektiv","Verstellbares Objektiv","select","1","1","0"
"verwendung","Verwendung","select","1","1","0"
"verzinnt","Verzinnt","select","1","1","0"
"verzoegerungszeit_einstellbar","Verzögerungszeit einstellbar","select","1","1","0"
"videoansteuerung","Videoansteuerung","select","1","1","0"
"videoerweiterung_moeglich","Videoerweiterung möglich","select","1","1","0"
"videosteuerung","Videosteuerung","select","1","1","0"
"vollkornprogramm","Vollkornprogramm","select","1","1","0"
"volumen_des_wassertanks","Volumen des Wassertanks","select","1","1","0"
"vorpraegungen","Vorprägungen","select","1","1","0"
"vorprogrammiert","Vorprogrammiert","select","1","1","0"
"vulkanisierend","Vulkanisierend","select","1","1","0"
"wahlschalter_fuer_softeis","Wahlschalter für Softeis","select","1","1","0"
"walzenbreite","Walzenbreite","select","1","1","0"
"wandleranschluss","Wandleranschluss","select","1","1","0"
"wandmontage_moeglich","Wandmontage möglich","select","1","1","0"
"wandsender","Wandsender","select","1","1","0"
"wandstaerke","Wandstärke","select","1","1","0"
"wasserdicht","Wasserdicht","select","1","1","0"
"wasserfest","Wasserfest","select","1","1","0"
"wassertank_abnehmbar","Wassertank abnehmbar","select","1","1","0"
"wege_system","Wege-System","select","1","1","0"
"weitspann_ausfuehrung","Weitspann-Ausführung","select","1","1","0"
"wellenwiderstand","Wellenwiderstand","select","1","1","0"
"werkstoff","Werkstoff","select","1","1","0"
"werkstoff_borsten","Werkstoff Borsten","select","1","1","0"
"werkstoff_der_huelse","Werkstoff der Hülse","select","1","1","0"
"werkstoff_der_klinge","Werkstoff der Klinge","select","1","1","0"
"werkstoff_der_kontaktbeschicht","Werkstoff der Kontaktbeschichtung","select","1","1","0"
"werkstoff_der_ruehrschuessel","Werkstoff der Rührschüssel","select","1","1","0"
"werkstoff_der_trittflaeche","Werkstoff der Trittfläche","select","1","1","0"
"werkstoff_des_anschlusses","Werkstoff des Anschlusses","select","1","1","0"
"werkstoff_des_befestigungsrahm","Werkstoff des Befestigungsrahmens","select","1","1","0"
"werkstoff_des_behaelters","Werkstoff des Behälters","select","1","1","0"
"werkstoff_des_frontrings","Werkstoff des Frontrings","select","1","1","0"
"werkstoff_des_gehaeuses","Werkstoff des Gehäuses","select","1","1","0"
"werkstoff_des_halters","Werkstoff des Halters","select","1","1","0"
"werkstoff_des_kodierelements","Werkstoff des Kodierelements","select","1","1","0"
"werkstoff_des_mixstabes","Werkstoff des Mixstabes","select","1","1","0"
"werkstoff_duebel","Werkstoff Dübel","select","1","1","0"
"werkstoff_griff","Werkstoff Griff","select","1","1","0"
"werkstoff_kabelbinder","Werkstoff Kabelbinder","select","1","1","0"
"werkstoff_leitungshalter","Werkstoff Leitungshalter","select","1","1","0"
"werkstoff_spiegel","Werkstoff Spiegel","select","1","1","0"
"werkstoffguete","Werkstoffgüte","select","1","1","0"
"werkzeugaufnahme","Werkzeugaufnahme","select","1","1","0"
"widerstand","Widerstand","select","1","1","0"
"width","Width","textarea","1","1","0"
"windgeschwindigkeitswert_einst","Windgeschwindigkeitswert einstellbar","select","1","1","0"
"winkel_des_bogens","Winkel des Bogens","select","1","1","0"
"wochenprogramm","Wochenprogramm","select","1","1","0"
"zaehlbereich","Zählbereich","select","1","1","0"
"zaehlertyp","Zählertyp","select","1","1","0"
"zangenform","Zangenform","select","1","1","0"
"zangenoeffnung","Zangenöffnung","select","1","1","0"
"zeitanzeige","Zeitanzeige","select","1","1","0"
"zeitbereich","Zeitbereich","select","1","1","0"
"zeiteinstellung","Zeiteinstellung","select","1","1","0"
"zeitschaltuhr","Zeitschaltuhr","select","1","1","0"
"zentraleingang","Zentraleingang","select","1","1","0"
"zentrierbohrer_durchmesser","Zentrierbohrer-Durchmesser","select","1","1","0"
"zolltarifnummer","","text","1","1","0"
"zu_bearbeitender_werkstoff","Zu bearbeitender Werkstoff","select","1","1","0"
"zulaessige_spannung_am_ausgang","Zulässige Spannung am Ausgang","select","1","1","0"
"zulaessiger_kabeldurchmesser","Zulässiger Kabeldurchmesser","select","1","1","0"
"zusammenklappbar","Zusammenklappbar","select","1","1","0"
"zusammenstellung","Zusammenstellung","select","1","1","0"
"zusatzgeraet_anreihbar","Zusatzgerät anreihbar","select","1","1","0"
"zwangsoeffnung","Zwangsöffnung","select","1","1","0"
"zweimetallverbinder","Zweimetallverbinder","select","1","1","0"
